category,group,question,phrase
สสร.,0,จะออกแบบ สสร. อย่างไรให้มีความหลากหลายและยึดโยงกับประชาชนมากที่สุด?,การออกแบบ สสร. ที่เน้นความหลากหลายและการมีส่วนร่วม
สสร.,1,ควรมีข้อจำกัดหรือเกณฑ์คุณสมบัติอย่างไรเพื่อรักษาความเป็นอิสระของ สสร.?,การกำหนดคุณสมบัติเพื่อความอิสระและโปร่งใส
สวัสดิการ,0,จะพัฒนาโครงสร้างพื้นฐานและขนส่งสาธารณะให้ทุกคนเข้าถึงได้อย่างไร?,การเข้าถึงโครงสร้างพื้นฐานและขนส่งสาธารณะ
สวัสดิการ,1,รัฐควรมีมาตรการอย่างไรในการดูแลคุณภาพชีวิตผู้สูงอายุและวัยเกษียณ?,การดูแลผู้สูงอายุและวัยเกษียณ
สวัสดิการ,2,จะสร้างระบบตาข่ายรองรับทางสังคมเพื่อคุ้มครองผู้ยากไร้และคนทำงานได้อย่างไร?,การสร้างระบบคุ้มครองทางสังคมและผู้ยากไร้
สวัสดิการ,3,ควรปรับปรุงสวัสดิการและสิทธิขั้นพื้นฐานในเรือนจำอย่างไร?,การยกระดับคุณภาพชีวิตในเรือนจำ
สวัสดิการ,4,รัฐควรสนับสนุนโอกาสในการเรียนรู้และเปิดโลกทัศน์ให้เยาวชนอย่างไร?,การสนับสนุนโอกาสและทุนการศึกษาเยาวชน
สวัสดิการ,5,จะพัฒนาระบบสวัสดิการเพื่อสนับสนุนสถาบันครอบครัวและการเลี้ยงดูบุตรอย่างไร?,สวัสดิการครอบครัวและสิทธิการลาคลอด
สวัสดิการ,6,จะยกระดับบริการสาธารณะและสาธารณูปโภคให้เป็นสิทธิขั้นพื้นฐานได้อย่างไร?,การยกระดับบริการสาธารณะเป็นสิทธิพื้นฐาน
สวัสดิการ,7,รัฐควรมีกลไกอย่างไรในการช่วยเหลือประชาชนให้หลุดพ้นจากความยากจน?,การขจัดความยากจนและยกระดับคุณภาพชีวิต
ฝ่ายนิติบัญญัติ,0,จะออกแบบโครงสร้างอำนาจนิติบัญญัติอย่างไรให้ตรวจสอบได้และยึดโยงกับประชาชน?,การจำกัดอำนาจและการตรวจสอบถ่วงดุล
ฝ่ายนิติบัญญัติ,1,ควรปรับบทบาทและที่มาของ สว. และฝ่ายการเมืองอย่างไรเพื่อลดความขัดแย้ง?,การปฏิรูปที่มาและอำนาจของสถาบันการเมือง
ฝ่ายตุลาการ,0,จะปฏิรูปกระบวนการยุติธรรมและศาลอย่างไรให้มีความรับผิดชอบต่อประชาชน?,การปฏิรูปศาลและการตรวจสอบอำนาจตุลาการ
ฝ่ายตุลาการ,1,จะสร้างมาตรฐานความโปร่งใสและประสิทธิภาพในกระบวนการยุติธรรมได้อย่างไร?,ความโปร่งใสและมาตรฐานเดียวในกระบวนการยุติธรรม
ฝ่ายบริหาร,0,จะกระจายอำนาจบริหารและสร้างกลไกการตรวจสอบภาคประชาชนได้อย่างไร?,การกระจายอำนาจและการตรวจสอบโดยประชาชน
ฝ่ายบริหาร,1,จะเพิ่มประสิทธิภาพการบริหารราชการแผ่นดินโดยไม่สร้างอุปสรรคทางการเมืองได้อย่างไร?,ประสิทธิภาพการบริหารและกรอบอำนาจรัฐ
ฝ่ายบริหาร,2,จะป้องกันผลประโยชน์ทับซ้อนและสร้างความชอบธรรมให้ผู้ดำรงตำแหน่งทางการเมืองได้อย่างไร?,ธรรมาภิบาลและความชอบธรรมของฝ่ายบริหาร
สิทธิเสรีภาพ,0,จะคุ้มครองสิทธิขั้นพื้นฐานและศักดิ์ศรีความเป็นมนุษย์ของผู้ต้องขังได้อย่างไร?,สิทธิมนุษยชนในกระบวนการยุติธรรมและเรือนจำ
สิทธิเสรีภาพ,1,รัฐธรรมนูญควรรับรองสิทธิพื้นฐานด้านคุณภาพชีวิตและสิ่งแวดล้อมอย่างไร?,การรับรองสิทธิพื้นฐานและคุณภาพชีวิตที่ดี
สิทธิเสรีภาพ,2,จะสร้างความเท่าเทียมในการเข้าถึงสิทธิและบริการรัฐโดยไม่เลือกปฏิบัติได้อย่างไร?,ความเสมอภาคและสิทธิในการเข้าถึงบริการรัฐ
สิทธิเสรีภาพ,3,จะคุ้มครองเสรีภาพในการแสดงออกและการเข้าถึงข้อมูลข่าวสารได้อย่างไร?,เสรีภาพในการแสดงออกและการเข้าถึงข้อมูล
สิทธิเสรีภาพ,4,จะคุ้มครองสิทธิในที่ดินทำกินและสิทธิแรงงานให้มีความมั่นคงได้อย่างไร?,สิทธิแรงงานและความมั่นคงในที่ดินทำกิน
สิทธิเสรีภาพ,5,รัฐควรมีมาตรการอย่างไรในการคุ้มครองสิทธิเด็กและเยาวชนให้ปลอดภัย?,การคุ้มครองสิทธิเด็กและเยาวชน
สิทธิเสรีภาพ,6,จะสร้างสังคมที่เปิดกว้างให้ทุกคนทำตามความฝันและมีเสรีภาพส่วนบุคคลได้อย่างไร?,เสรีภาพส่วนบุคคลและการทำตามความฝัน
สิทธิเสรีภาพ,7,จะส่งเสริมการยอมรับความหลากหลายและศักดิ์ศรีความเป็นมนุษย์ในทุกมิติได้อย่างไร?,การเคารพศักดิ์ศรีความเป็นมนุษย์และความหลากหลาย
สิทธิเสรีภาพ,8,จะคุ้มครองสิทธิชุมชนและการจัดการทรัพยากรท้องถิ่นได้อย่างไร?,สิทธิชุมชนและการจัดการทรัพยากรท้องถิ่น
แรงงาน,0,จะยกระดับการคุ้มครองและสวัสดิการแรงงานให้ครอบคลุมทุกกลุ่มได้อย่างไร?,การคุ้มครองสิทธิและสวัสดิการแรงงาน
แรงงาน,1,รัฐควรสนับสนุนการสร้างอาชีพและโอกาสการทำงานให้ผู้พ้นโทษอย่างไร?,การสร้างโอกาสทางอาชีพหลังพ้นโทษ
ความเสมอภาค,0,จะลดความเหลื่อมล้ำและสร้างความเท่าเทียมในโอกาสและกระบวนการยุติธรรมได้อย่างไร?,ความเท่าเทียมในโอกาสและกระบวนการยุติธรรม
ความเสมอภาค,1,จะจัดสรรทรัพยากรและงบประมาณอย่างไรให้เกิดความเป็นธรรมระหว่างพื้นที่?,ความเป็นธรรมในการจัดสรรทรัพยากรและอำนาจ
ความมั่นคง,0,จะปฏิรูปกองทัพและสร้างความมั่นคงทางการเมืองภายใต้ระบอบประชาธิปไตยได้อย่างไร?,การปฏิรูปกองทัพและความมั่นคงทางการเมือง
ความมั่นคง,1,จะสร้างความมั่นคงในชีวิตและสิทธิชุมชนท่ามกลางความขัดแย้งกับรัฐได้อย่างไร?,ความมั่นคงในชีวิตและสิทธิชุมชน
การปกครองส่วนท้องถิ่น,0,จะส่งเสริมสิทธิชุมชนและการจัดการทรัพยากรในระดับท้องถิ่นได้อย่างไร?,สิทธิชุมชนและการจัดการทรัพยากรท้องถิ่น
การปกครองส่วนท้องถิ่น,1,จะปฏิรูปโครงสร้างอำนาจเพื่อลดบทบาทส่วนกลางและเพิ่มอำนาจท้องถิ่นได้อย่างไร?,การกระจายอำนาจและลดอำนาจส่วนกลาง
การปกครองส่วนท้องถิ่น,2,จะจัดสรรงบประมาณและอำนาจตัดสินใจให้ท้องถิ่นบริหารจัดการตนเองได้อย่างไร?,การสร้างความเข้มแข็งและงบประมาณท้องถิ่น
องค์กรอิสระ,0,จะสร้างกลไกตรวจสอบองค์กรอิสระให้มีความโปร่งใสและรับผิดชอบได้อย่างไร?,ความโปร่งใสและการตรวจสอบองค์กรอิสระ
องค์กรอิสระ,1,จะเชื่อมโยงองค์กรอิสระกับภาคประชาชนเพื่อปกป้องรัฐธรรมนูญได้อย่างไร?,การเชื่อมโยงองค์กรอิสระกับประชาชน
องค์กรอิสระ,2,จะปฏิรูปที่มาและโครงสร้างองค์กรอิสระให้ยึดโยงกับประชาชนได้อย่างไร?,การปฏิรูปที่มาและโครงสร้างองค์กรอิสระ
องค์กรอิสระ,3,จะจำกัดอำนาจองค์กรอิสระไม่ให้ก้าวล่วงอำนาจอื่นและสร้างความเชื่อมั่นได้อย่างไร?,การจำกัดอำนาจและสร้างความเชื่อมั่นในองค์กรอิสระ
การศึกษา,0,จะสร้างระบบการศึกษาที่เท่าเทียมและส่งเสริมความรู้ความเข้าใจในระบอบประชาธิปไตยได้อย่างไร?,การเข้าถึงการศึกษาที่มีคุณภาพและเท่าเทียม
การศึกษา,1,จะปรับปรุงสวัสดิการและสภาพแวดล้อมทางการศึกษาให้คำนึงถึงความปลอดภัยของเด็กได้อย่างไร?,สวัสดิการและความปลอดภัยของนักเรียน
สาธารณสุข,0,จะยกระดับมาตรฐานบริการสาธารณสุขให้ทุกคนเข้าถึงได้อย่างเท่าเทียมได้อย่างไร?,การเข้าถึงบริการสาธารณสุขที่มีคุณภาพ
สาธารณสุข,1,จะบูรณาการสวัสดิการรัฐและสิทธิชุมชนเพื่อสุขภาวะที่ดีของประชาชนได้อย่างไร?,สุขภาวะที่ดีและสวัสดิการสาธารณสุขถ้วนหน้า
การเลือกตั้งและประชามติ,0,จะออกแบบระบบเลือกตั้งอย่างไรให้สะท้อนเจตจำนงของประชาชนและมีความทันสมัย?,การพัฒนาระบบเลือกตั้งและการมีส่วนร่วม
การเลือกตั้งและประชามติ,1,ระบบบัญชีรายชื่อควรมีสัดส่วนอย่างไรเพื่อให้เกิดความเป็นตัวแทนที่เหมาะสม?,การส่งเสริมระบบเลือกตั้งแบบบัญชีรายชื่อ
สิ่งแวดล้อม,0,รัฐควรมีมาตรการเชิงรุกอย่างไรในการจัดการมลพิษและส่งเสริมพลังงานสะอาด?,การจัดการมลพิษและพลังงานสะอาด
สิ่งแวดล้อม,1,จะสร้างกลไกทางกฎหมายเพื่อคุ้มครองสิทธิในสิ่งแวดล้อมและการมีส่วนร่วมของชุมชนได้อย่างไร?,สิทธิในสิ่งแวดล้อมและการจัดการทรัพยากรยั่งยืน
การเกษตร,0,รัฐควรสนับสนุนเทคโนโลยีและนวัตกรรมเพื่อยกระดับรายได้เกษตรกรอย่างไร?,การส่งเสริมเทคโนโลยีและนวัตกรรมเกษตร
การเกษตร,1,จะสร้างระบบรองรับเกษตรกรวัยเกษียณและสิทธิในที่ดินทำกินได้อย่างไร?,การสนับสนุนเกษตรกรและวิถีชีวิตชนบท
อื่น ๆ,0,จะสร้างรัฐธรรมนูญที่มั่นคง ป้องกันการรัฐประหาร และแก้ไขได้ตามสถานการณ์ได้อย่างไร?,การปกป้องประชาธิปไตยและความยั่งยืนของรัฐธรรมนูญ
อื่น ๆ,1,จะสร้างกระบวนการจัดทำรัฐธรรมนูญที่โอบรับความหลากหลายและเป็นสากลได้อย่างไร?,การมีส่วนร่วมที่ครอบคลุมและมาตรฐานสากล
เศรษฐกิจ,0,จะส่งเสริมการพัฒนาเทคโนโลยีและนวัตกรรมเพื่อสร้างรายได้ให้ประเทศได้อย่างไร?,การพัฒนาเศรษฐกิจด้วยเทคโนโลยีและนวัตกรรม
เศรษฐกิจ,1,รัฐควรมีมาตรการอย่างไรในการลดการผูกขาดและสร้างความเป็นธรรมทางเศรษฐกิจ?,การลดการผูกขาดและสร้างความเป็นธรรมทางเศรษฐกิจ
เศรษฐกิจ,2,จะวางรากฐานนโยบายเศรษฐกิจในรัฐธรรมนูญอย่างไรให้เกิดความมั่นคงและยั่งยืน?,ความมั่นคงทางเศรษฐกิจและนโยบายรัฐที่ชัดเจน
