id,event_ids,title,category,group,embedded_distance_to_phrase
04igkOa0KDKz9yfJogEo,FLuzAE5dm4qazOoE4QaF,ควรมีกลุ่มผู้เชี่ยวชาญเป็นส่วนหนึ่งของ สสร. แต่ไม่มีสิทธิ์โหวต (non-voting advisory panel),สสร.,0,0.7272513806819916
1nja4ZhMvSVsjlVvtx9r,FLuzAE5dm4qazOoE4QaF,ทหารต้องไม่มายุ่งกับการร่างรัฐธรรมนูญ,สสร.,1,0.4399005174636841
25Ow73x2cZFybTHkcmO7,UHAvt04IhbVK5jY0TwnD,สสร. ควรมีตัวแทนจากกลุ่มเปราะบาง เป็นผู้มีความรู้ความเข้าใจในปัญหาเฉพาะด้านของกลุ่มเปราะบางแต่ละกลุ่ม,สสร.,0,0.5161245763301849
2rIAoKtf0uRsbMDTZ6kE,"FLuzAE5dm4qazOoE4QaF,UHAvt04IhbVK5jY0TwnD",สสร. ไม่จำเป็นต้องมีตัวแทนเชิงพื้นที่,สสร.,1,0.7889008224010468
2t3cG3UMkHf3OYmSZeIp,"qMZEHd0fCMJDj7S186yw,UHAvt04IhbVK5jY0TwnD",ควรมีสสร. สัญจร ประชุมในพื้นที่ต่าง ๆ ทั่วประเทศ โดยให้ประชาชนสามารถเข้าร่วมการประชุมด้วยได้,สสร.,0,0.635581910610199
30iUR5Bs1u2g842KdF3y,FLuzAE5dm4qazOoE4QaF,"กรณี สสร มาจากพรรคการเมือง ควรให้พรรคการเมือง ""กรอง"" คุณสมบัติให้ด้วย ถือว่าเป็นการเน้นย้ำเจตนารมณ์ และเช็คว่าไม่ได้มีตำแหน่งทางการเมือง",สสร.,1,0.6220371127128601
3YhjfgPZScsM9KQey2cV,qMZEHd0fCMJDj7S186yw,ที่มาของสสร. ต้องยึดโยงกับหลักการประชาธิปไตยสากล,สสร.,0,0.553842157125473
4CGZkWkBlX9VNSkBJEGI,"FLuzAE5dm4qazOoE4QaF,qMZEHd0fCMJDj7S186yw,UHAvt04IhbVK5jY0TwnD",สสร. ต้องมีความหลากหลายของคนที่เข้ามาเป็นสสร.,สสร.,0,0.5907373130321503
4FVZ0ewHQ4KGRiPBoGm1,FLuzAE5dm4qazOoE4QaF,คนที่ได้รับตำแหน่ง สสร. แล้ว ห้ามมาลงสมัคร สส. สว. หรือตำแหน่งทางการเมืองอีก เพื่อหลีกเลี่ยงผลประโยชน์ทับซ้อน,สสร.,1,0.5191938281059265
4aNRcEnl4h9Kz5pxa6ff,FLuzAE5dm4qazOoE4QaF,การมีส่วนร่วมเกี่ยวโยงกับความยั่งยืนของรัฐธรรมนูญ,สสร.,0,0.6303018927574158
59G9i7h4GZtz0ScSAn0C,FLuzAE5dm4qazOoE4QaF,ควรกำหนดให้ สสร. เป็นตำแหน่งเต็มเวลา (Full time),สสร.,0,0.6920187473297119
5TgBnVRKnyR5blnESFWi,qMZEHd0fCMJDj7S186yw,สสร. ต้องให้ความสำคัญกับบทบาทและสถานะของสถาบันกษัตริย์ในการร่างรัฐธรรมนูญใหม่,สสร.,0,0.6026429533958435
5rWaEjqgvDdjO8xjUyME,FLuzAE5dm4qazOoE4QaF,ไม่เอาผู้เชี่ยวชาญที่มาโดยตำแหน่ง,สสร.,1,0.9008347243070602
8WtlnkWM0PlR19PBZTR8,FLuzAE5dm4qazOoE4QaF,การเลือกตั้ง สสร. แบบแบ่งเขต ควรแบ่งด้วยพื้นที่จังหวัด,สสร.,0,0.6501426696777344
8vddQeCXJp9iuCwsqe7l,"FLuzAE5dm4qazOoE4QaF,UHAvt04IhbVK5jY0TwnD",ผู้สมัครสสร.ต้อง มีระดับการศึกษาขั้นต่ำคือ ปริญญาตรี,สสร.,0,0.7990323007106781
9yGh8FKJd0TvcoHGK5AU,UHAvt04IhbVK5jY0TwnD,เยาวชนควรมีสิทธิเลือกตั้งสสร.,สสร.,0,0.7794601321220398
A9KPJPpegyEGdpR10v44,"qMZEHd0fCMJDj7S186yw,UHAvt04IhbVK5jY0TwnD",สสร. ต้องให้ความสำคัญกับการกระจายอำนาจ,สสร.,0,0.47839587926864624
AaA3IdPpPRmGriTmLm26,FLuzAE5dm4qazOoE4QaF,สสร.ต้องหาเสียงและนำเสนอโปรเจคต์ที่จะขับเคลื่อน,สสร.,0,0.5020838677883148
AbNTr8HqvnxhAIxe6Iw6,FLuzAE5dm4qazOoE4QaF,การเลือกตั้งควรใช้บัตร 2 ใบ แบ่งเป็น เชิงพื้นที่และความเชี่ยวชาญ และแบ่งเขต 400 เขต,สสร.,0,0.8056583553552628
C88gOdn5c8qXMV5MJ2h0,FLuzAE5dm4qazOoE4QaF,"หลักการสำคัญในการออกแบบ สสร. ต้อง Opendata by default, เปิดเผย และโปร่งใส",สสร.,0,0.6879639625549316
DfJOY3sgMDlsp1Zdq9uU,Ri7THJYVq8VeyDjrJZS8,สสร. มาจากการเลือกตั้งโดยประชาชน,สสร.,0,0.5903724133968353
ENbNmkn2KZh24qMQ3APu,FLuzAE5dm4qazOoE4QaF,สสร. ต้องมาจากสัดส่วนอาชีพของประชากรในประเทศ,สสร.,0,0.5167802274227142
EjCnAXDaaJuBQLhHI42W,FLuzAE5dm4qazOoE4QaF,สสร.ที่มีความชอบธรรมสูงจะมีอำนาจในการขับเคลื่อน,สสร.,0,0.6172752678394318
F7usd2BUTX3k0p2kDtwI,FLuzAE5dm4qazOoE4QaF,สสร. ต้องมีอำนาจในการปกป้องการล้มรัฐธรรมนูญ,สสร.,0,0.7610829472541809
FTlX1sG1A34X6v4SF2KR,"FLuzAE5dm4qazOoE4QaF,qMZEHd0fCMJDj7S186yw,UHAvt04IhbVK5jY0TwnD",สสร. ต้องมีความโปร่งใสและตรวจสอบได้,สสร.,0,0.6136097609996796
JkV4OtnlhvCzKVDYLx7h,FLuzAE5dm4qazOoE4QaF,ใบสมัครของสสร. ควรเปิดเผยจุดยืน คล้ายๆ หาเสียง เช่น ปฏิรูปกระบวนการศาล,สสร.,0,0.575052410364151
JrrSMrVIPnXKGeNiUZIJ,FLuzAE5dm4qazOoE4QaF,ให้ สรร. ที่จากประชาชน เลือกผู้เชี่ยวชาญเอง (based on content/agenda),สสร.,0,0.6863471567630768
KnLQ88WRrt7g9gfxdAr1,FLuzAE5dm4qazOoE4QaF,สสร. ควรแปลงร่างเป็น ศาลรัฐธรรมนูญ,สสร.,0,0.7634047567844391
KxylHYyk2a6LnAUMKuCA,FLuzAE5dm4qazOoE4QaF,สภา หรือ ครม.สามารถมีส่วนร่วมกับ สสร.,สสร.,0,0.6176720261573792
L7vAtfnZK03nF2zDvcvf,FLuzAE5dm4qazOoE4QaF,เดิมการรณรงค์ร่าง รธน. จะมี vision ร่วมกัน ทำคู่มือ/รณรงค์/กลุ่มย่อย วัดการตระหนักรู้ของผู้คน ในรอบนี้ก็เน้นกระบวนการนอกจากผลลัพธ์,สสร.,0,0.5630758106708527
LKXzmA9tyTknWrjuwsup,FLuzAE5dm4qazOoE4QaF,สสร. ต้องมีโควต้าของแต่ละกลุ่ม เช่น LGBT ผู้หญิง กลุ่มเปราะบาง,สสร.,0,0.5784805715084076
M0547X296c35L2pwnvVC,"qMZEHd0fCMJDj7S186yw,UHAvt04IhbVK5jY0TwnD","สสร. ต้อง ""ออกแบบ"" รธน. ไม่ใช่ ""ร่าง"" รธน.",สสร.,0,0.6000595986843109
MJnDFwit09hLwa9T869f,FLuzAE5dm4qazOoE4QaF,ไม่ไว้ใจ กกต. และไม่ไว้ใจว่าจะได้แก้ รธน.,สสร.,0,0.8997590094804764
PPDctBeP0CJft1MFeAC8,FLuzAE5dm4qazOoE4QaF,สสร.ต้อง represent เรื่องอุดมการณ์ทางการเมืองด้วย ไม่ใช่แค่ identity และ geopolitics,สสร.,0,0.6940723061561584
Pl9XOn5DOwkr51BNH2hh,FLuzAE5dm4qazOoE4QaF,สสร. ต้องมีความสนใจในเรื่องประเด็นสาธารณะ มีความรู้ความเข้าใจ มีความสามารถในการสื่อสารภาษากฎหมายให้เข้าใจง่าย,สสร.,0,0.5188677608966827
PoUrwgMfuXEibcipRMM4,FLuzAE5dm4qazOoE4QaF,อยากให้สร้างความตระหนักรู้เรื่องการจัดทำร่างรธน. เพื่อให้คนมามีส่วนร่วม,สสร.,0,0.6812929511070251
Qq1TpRiXFWMxooMqijVt,FLuzAE5dm4qazOoE4QaF,สสร. ควรเป็นกระบวนกร เปิดกว้าง ไม่จำเป็นต้องคนเก่ง ถ้าเลือกเอาคนเก่งเขาก็จะเอาไอเดียตัวเองใส่ในร่างรัฐธรรมนูญ,สสร.,0,0.6723447740077972
SVBo1xoP6wqVOYRaY51q,FLuzAE5dm4qazOoE4QaF,สสร.ควรเป็นตัวแทน ของการรับฟังเสียงของประชาชนไม่ใช่เจ้าของรัฐธรรมนูญหรือเป็นคนเขียนรัฐธรรมนูญ ควรเป็นแค่คนรวบรวมเสียงของประชาชน,สสร.,0,0.6556179225444794
U3yJP2gjVAZV5h2JzNxY,"FLuzAE5dm4qazOoE4QaF,UHAvt04IhbVK5jY0TwnD",การเลือกตั้ง สสร. ควรมีทั้งแบบแบ่งเขตและแบบบัญชีรายชื่อ,สสร.,0,0.6585003137588501
UAUwl0DaojqWo5PD1hl8,FLuzAE5dm4qazOoE4QaF,ควรเปิดโอกาสให้คนเป็นสื่อสามารถสมัครเป็น สสร. ได้,สสร.,0,0.7654760330915451
UiN8egrbml9767vx9jT5,FLuzAE5dm4qazOoE4QaF,สื่อมวลชนมีความสำคัญอย่างมากต่อการส่งเสริมการมีส่วนร่วมของประชาชนในสังคม,สสร.,0,0.6964601576328278
UiPSbzGwIdu94dj1WKN4,FLuzAE5dm4qazOoE4QaF,ให้ทุกคน (ประชาชน) มา crack ปัญหาของรัฐธรรมนูญก่อน เพื่อมองเห็นปัญหาในการแก้ไข,สสร.,0,0.7963835000991821
UleYx7RFuAD5OD6KsFhE,FLuzAE5dm4qazOoE4QaF,สว ศาล ไม่ควรนำผลประโยชน์ของตัวเองเป็นตัวตั้ง (ในการให้ความเห็นเรื่องรัฐธรรมนูญ) ควรมีการพูดคุยที่ไม่ได้เอาผลประโยชน์ของตัวเองเป็นหลัก,สสร.,1,0.3189868927001953
V0dkfSPE4GP6d5lpNaHz,FLuzAE5dm4qazOoE4QaF,สสร. ต้องมีธรรมาภิบาล มีความชำนาญในแต่ละสาขาอาชีพ(ให้มากที่สุด) และตัวแทนจากกลุ่มรากหญ้า,สสร.,0,0.46531879901885986
VWv2kzIsYMLNk5oxEMFe,FLuzAE5dm4qazOoE4QaF,การเลือกตั้งของสสร. ไม่จำกัดเรื่องความเป็นกลางทางการเมือง เช่น อดีต สส.,สสร.,0,0.7821722328662872
VywCsA2V8nQnV6XH1RG2,FLuzAE5dm4qazOoE4QaF,ฉันทามติร่วมทางสังคมเกี่ยวกับสสร. มีความสำคัญ,สสร.,0,0.4854382276535034
WBp41ROA3KlO0ByzXmRS,FLuzAE5dm4qazOoE4QaF,ระบบเลือกตั้ง สสร. ควรเป็นแบบ เลือกกี่คนก็ได้ที่พอใจ (Approval Vote),สสร.,0,0.7087432444095612
XVmOnQaXkN0SrR4L2Cqf,FLuzAE5dm4qazOoE4QaF,คัดกรองพวก enemy of democracy ให้ไม่สามารถมาเป็น สสร. ได้ แบบสมัยที่เยอรมันห้ามนาซีมาอยู่ในกระบวนการ,สสร.,1,0.771254688501358
YIHBlCG4V2ebaFyOH4bZ,FLuzAE5dm4qazOoE4QaF,สสร. ต้องไม่มีตัวแทนจากภาครัฐ เพราะมักติดอยู่กับกรอบการทำงานเดิมๆ,สสร.,1,0.5486695468425751
ZDsDi5uzFybyTHDyg7Sh,FLuzAE5dm4qazOoE4QaF,เปลี่ยนวิธีการเลือกตั้งให้เป็นอิเล็กทรอนิกส์ (E-Vote) เพื่อให้มั่นใจในประสิทธิภาพการนับคะแนน,สสร.,0,0.8350360244512558
Zm98HOrjLwwudUq56iax,FLuzAE5dm4qazOoE4QaF,สสร. สามารถทำหน้าที่ติดตาม / monitoring รัฐธรรมนูญ เพื่อเป็นการการันตีด้วยว่ารัฐธรรมนูญจะยังคงอยู่,สสร.,0,0.6550003290176392
aCL83gC4Gh7cOdX9XhxE,FLuzAE5dm4qazOoE4QaF,สสร. ควรมาจากประชาชน แต่นักกฎหมายให้เป็นหน้าที่ consult ปรับภาษาให้เป็นภาษากฎหมาย,สสร.,0,0.6027499139308929
beJZeFCKxnwomk2qQmnl,FLuzAE5dm4qazOoE4QaF,คนที่สมัครเป็นสสร.หรือเสนอชื่อ ตามกลุ่มอาชีพ ต้องมีคนที่อยู่ในอาชีพเดียวกันเป็นคนเลือก,สสร.,0,0.6246891021728516
bpWnfM1sudt4FMI0wS9t,FLuzAE5dm4qazOoE4QaF,พรรคการเมืองต้องเป็นความหวังในการร่างรัฐธรรมนูญใหม่,สสร.,0,0.84453184902668
cOJcvxwPzm0iZ4cHngFC,FLuzAE5dm4qazOoE4QaF,เวลาการร่างรัฐธรรมนูญที่นานเกินไป เกิดการทอดเวลา ทำให้อุดมการณ์เริ่มเปลี่ยน,สสร.,0,0.849971354007721
cwMYFZkBcDAT64xVGPYi,FLuzAE5dm4qazOoE4QaF,การระบุความเป็นตัวแทนที่ละเอียดมากเกินไปจะทำให้กระบวนการเลือกตั้งเป็นเชิงเทคนิคจนซับซ้อนเกินกว่าที่ประชาชนทั่วไปจะเข้าใจ,สสร.,0,0.6957988739013672
d3pHtfhU57E5OSFI6Mry,FLuzAE5dm4qazOoE4QaF,คณะกรรมการยกร่างต้องสอดคล้องกับ Agendที่เกิดขึ้นในสถานการณ์,สสร.,0,0.7032296657562256
eI7AwyqnfrU90ciZcB2J,FLuzAE5dm4qazOoE4QaF,คนดีในจังหวัดไม่มาสมัครเป็นตัวแทน สสร.,สสร.,1,0.7305960953235626
f8RGpxZJ7dQCu4DY6KRj,FLuzAE5dm4qazOoE4QaF,กกต.ไม่ควรเป็นผู้แทนจัดการเลือกตั้ง สสร.,สสร.,1,0.536653459072113
gVOKNIr5SqGSYt4UQGwz,FLuzAE5dm4qazOoE4QaF,ต้องไม่รีบในการร่างรัฐธรรมนูญ เพื่อเปิดให้ประชาชนมีส่วนรวมมากที่สุดก่อน จะได้ยึดโยงกับรัฐธรรมนูญ,สสร.,0,0.6991339921951294
hFlaIDjyVSQM95hpLX5l,"FLuzAE5dm4qazOoE4QaF,qMZEHd0fCMJDj7S186yw,UHAvt04IhbVK5jY0TwnD",การเลือกตั้ง สสร. ควรกำหนดกลุ่มประเภทความเชี่ยวชาญ (กลุ่มอาชีพ) เพื่อให้สะท้อนความหลากหลายได้,สสร.,0,0.6699375808238983
hHM0HVjqwKVeG9AWTAZF,FLuzAE5dm4qazOoE4QaF,สสร.ต้องครอบคลุมทุก sectors ได้แก่ ภาครัฐ ภาคเอกชน CSOs และ seating หาร 3,สสร.,0,0.5321049392223358
i7nD4nBuvDJmmwAAfNuk,FLuzAE5dm4qazOoE4QaF,สนับสนุนการออกแบบ สสร. เป็นบัญชีรายชื่อ 100%,สสร.,0,0.7014024257659912
ioBTEBAqB3GfzOzop0K3,FLuzAE5dm4qazOoE4QaF,มีกลไกการร้องเรียนปัญหาของประชาชน เพื่อนำมาปรับเป็นร่างรัฐธรรมนูญ ไม่ใช่มีร่างแล้วรอความคิดเห็นเพียงอย่างเดียว,สสร.,0,0.6657092571258545
iukqL19YJuS67ZkSWMqZ,FLuzAE5dm4qazOoE4QaF,ควรมีพื้นที่เรียนรู้สำหรับ สสร. เช่น การ learning กรณีจากต่างประเทศ retro review,สสร.,0,0.7838540524244308
khaARS90ROktrWpNefdc,FLuzAE5dm4qazOoE4QaF,สสร. ไม่ควรมีนักกฎหมายนั่งเป็นประธาน,สสร.,1,0.5206778943538666
l5syMnVe7oyPyItseDcU,FLuzAE5dm4qazOoE4QaF,ควรมีการทำงานวิจัยที่เกี่ยวกับการกำหนดจำนวน สสร. เพื่อไม่ให้มีเยอะเกินไปที่ทำให้การประชุมยืดเยื้อเกินไป,สสร.,0,0.6583688259124756
lRI4lhkiWzTKCOBsbL3p,FLuzAE5dm4qazOoE4QaF,สสร.ไม่จำเป็นต้องเป็นนักเทคนิคในการเขียนกฎหมาย,สสร.,1,0.7514974772930145
lSLDCYjnTNpKdhT2HsBE,UHAvt04IhbVK5jY0TwnD,สสร.ควรรับรองคุณภาพชีวิตประชาชน โดยเฉพาะระบบสาธารณูปโภคและระบบขนส่งมวลชน ให้เป็นสิทธิขั้นพื้นฐานที่สำคัญในรัฐธรรมนูญ ,สสร.,0,0.5679037272930145
lY0oZzdYo9y3zFhhYnmy,FLuzAE5dm4qazOoE4QaF,จำเป็นต้องมีกลุ่มผู้เชี่ยวชาญ แยกต่างหากจาก สสร. เพื่อให้ข้อมูล ความเห็น,สสร.,0,0.7633891403675079
m1YXSUAKxxBk5LuUClu4,qMZEHd0fCMJDj7S186yw,ต้องมีกลไกลรองรับความชอบธรรม เพื่อให้ประชาชนสามารถไว้วางใจได้ว่าสสร. ทำหน้าที่แบบโปร่งใส,สสร.,0,0.5645158290863037
mMeEpUAziHDhG50zT935,"FLuzAE5dm4qazOoE4QaF,UHAvt04IhbVK5jY0TwnD",ผู้สมัคร สสร. ควรเป็นตัวแทนของอุดมการณ์ประชาธิปไตยและมีการแถลงจุดยืน,สสร.,0,0.7445009648799896
mb426CKotDswSd9rgWPp,FLuzAE5dm4qazOoE4QaF,ผู้สมัคร สสร. จะต้องได้รับการตรวจสอบโดยองค์กรอิสระ เพื่อให้กระบวนการได้มามีความโปร่งใส,สสร.,0,0.6501511931419373
niRXzxeW9iM4DKPsXyis,qMZEHd0fCMJDj7S186yw,สสร. ต้องเป็นเหมือนงานอาสาสมัคร ไม่มีการรับผลประโยชน์ เพื่อป้องกันการซื้อเสียงและผลประโยชน์ทับซ้อน,สสร.,1,0.6719475984573364
nrEaDmep95iroWpISISA,"FLuzAE5dm4qazOoE4QaF,qMZEHd0fCMJDj7S186yw,UHAvt04IhbVK5jY0TwnD",สสร. ต้องมีที่มาที่ยึดโยงกับประชาชน,สสร.,0,0.28455960750579834
ntBJAaqOZ6CVfzvCIdlt,FLuzAE5dm4qazOoE4QaF,การระบุผู้เชี่ยวชาญ ควรมีเกณฑ์ที่โปร่งใส เชื่อถือได้ ทำให้ประชาชนไว้วางใจว่าไม่ใช่ตัวแทนฝ่ายทหารหรือการเมือง,สสร.,0,0.7330769300460815
oRaHQAaxlJ5gKS85cssh,FLuzAE5dm4qazOoE4QaF,สสร. ต้องมีความเชี่ยวชาญในประสบการณ์ด้านการทำงานในด้านหนึ่ง มากกว่าโฟกัสที่วุฒิการศึกษา,สสร.,0,0.6604331731796265
peEZ4F0cByDfdVv4Mh5R,"FLuzAE5dm4qazOoE4QaF,UHAvt04IhbVK5jY0TwnD",มีช่องทางให้ประชาชนเข้าไปติดตามการร่างรธน. สื่อสารให้เข้าใจง่าย และทำงานประชาสัมพันธ์เชิงรุกให้ประชาชนได้รู้ระหว่างกระบวนการ,สสร.,0,0.5544877052307129
pegZwJVtwSuC87fEl0UZ,FLuzAE5dm4qazOoE4QaF,สิทธิในการสมัครไม่ควรจำกัดอายุ,สสร.,0,0.9583352506160736
qq5SykirmTIWsbbBDARc,FLuzAE5dm4qazOoE4QaF,Political Education ส่งผลโดยตรงต่อการมีส่วนร่วมของประชาชนในประเด็นรัฐธรรมนูญ,สสร.,0,0.6935986280441284
qylb4vJtU5AGTjqa3Otw,FLuzAE5dm4qazOoE4QaF,สสร. มีอำนาจในการพิจารณาการขัดต่อรัฐธรรมนูญแทนศาลรัฐธรรมนูญได้,สสร.,0,0.8569203466176987
rcKMnMwfcNJBA0vTq9K2,"FLuzAE5dm4qazOoE4QaF,qMZEHd0fCMJDj7S186yw",การได้มาของสสร. ประชาชนควรมีส่วนร่วมด้วย ผ่านช่องทางออนไลน์ก็ได้,สสร.,0,0.6365132927894592
rv1DxRCAh8vLRGYr7kfa,"FLuzAE5dm4qazOoE4QaF,UHAvt04IhbVK5jY0TwnD",หลักการเรื่องความอิสระ ควรการันตีความปลอดภัยในการพูดเรื่องละเอียดอ่อนในวง สสร. เช่น การแก้ไขหมวดสถาบันฯ,สสร.,0,0.7079636752605438
sAmtB8fy0VPiNkHFh2ON,"FLuzAE5dm4qazOoE4QaF,UHAvt04IhbVK5jY0TwnD",สสร. ที่จะสะท้อนความเห็นต่างๆ ต้องมีความรู้กฎหมายเป็นพื้นฐานเพราะการออกแบบกฎหมายกระทบผู้คน,สสร.,0,0.5148012638092041
w1UaINJpdc3KsocCvWSD,FLuzAE5dm4qazOoE4QaF,คุณสมบัติ สสร. ต้องถูกจำกัดให้น้อยที่สุดเพื่อให้ประชาชนมีส่วนร่วมมากที่สุด,สสร.,1,0.5741242468357086
wXQy4GNSAVByO1QwIw31,FLuzAE5dm4qazOoE4QaF,สสร. ไม่ควรมีอำนาจเยอะ ควรทำหน้าที่อำนวยความสะดวกให้ประชาชนมากกว่า,สสร.,0,0.5285803079605103
wnWqZuCRhIESkI8KhmhZ,"FLuzAE5dm4qazOoE4QaF,qMZEHd0fCMJDj7S186yw,UHAvt04IhbVK5jY0TwnD",สสร. จำเป็นต้องมาจากการเลือกตั้งทางตรง 100% เพื่อให้สะท้อนความเป็นตัวแทนและความเป็นประชาธิปไตย,สสร.,0,0.7794793546199799
yKQIt4uLx2cwnkX3x8iH,UHAvt04IhbVK5jY0TwnD,สสร. ควรมีตัวแทนมาจากกลุ่มผู้หญิง เพื่อเป็นตัวแทนสะท้อนเสียงปัญหาที่ผู้หญิงเผชิญ,สสร.,0,0.6935957968235016
yhZRzAUfUTa7emEn5TrG,FLuzAE5dm4qazOoE4QaF,รัฐธรรมนูญต้องเป็นตลาดนัดไอเดีย ที่สามารถแสดงความเห็นได้,สสร.,0,0.7477631866931915
zAgP9SXKxmB6CHmOVZEj,FLuzAE5dm4qazOoE4QaF,ร่างที่ สสร. ออกแบบ ต้องนำไปให้ประชาชนให้ความเห็นแบบมีประชามติรายมาตราตามกลุ่มที่เกี่ยวข้องเป็นการเฉพาะ,สสร.,0,0.5911795496940613
0Fei5MccG3Tftzfh9Uoo,ZeztgNNzU3DbAZNdVQbt,เด็ก ๆ ที่เรียนจบควรมีทุนสำหรับการท่องเที่ยว,สวัสดิการ,4,0.3614999055862427
2rkY2deHi8JWXeTwRzzX,OiKFo7nNy4gsLARMI6zP,ต้องมอบเงินประกันการว่างงาน,สวัสดิการ,2,0.19828957319259644
7Wc7kBwm6cM0c2MxyCTL,Ri7THJYVq8VeyDjrJZS8,ต้องไม่มีใครถูกทอดทิ้งจากสวัสดิการของรัฐ เช่น การรักษาพยาบาลที่มีประสิทธิภาพ การศึกษาที่ทันสมัย การมีอาชีพที่มั่นคง,สวัสดิการ,2,0.4248257875442505
9g2CwbGiTaU7qQ0PH76a,wIKPzNydyOA8KbRKHE5a,หวังเห็นสวัสดิการที่ดีและครอบคลุม มีบำนาญเกษียณ มีค่าช่วยเลี้ยงดูบุตร,สวัสดิการ,1,0.1894371509552002
IQCwYQpN6dyrQDca9UWs,"OiKFo7nNy4gsLARMI6zP,UHAvt04IhbVK5jY0TwnD",ควรเพิ่มระบุสิทธิด้านสวัสดิการ (การศึกษา พยาบาล อาหาร ฯลฯ) โดยต้องใช้รูปแบบ “รัฐสวัสดิการ” ลงไปในรัฐธรรมนูญ,สวัสดิการ,5,0.5584737062454224
J6vFHMcHA7KE6NsdIaEN,ZeztgNNzU3DbAZNdVQbt,รัฐควรช่วยสงเคราะห์บุตร หรือขยายช่วงอายุของเด็ก,สวัสดิการ,5,0.5633472204208374
JkA5Nu2tkiSGYSkuc9XK,ZeztgNNzU3DbAZNdVQbt,เมืองควรออกแบบบนหลัก Universal Design เพื่อให้ทุกคนสามารถเข้าถึงและใช้ประโยชน์ได้อย่างสะดวก ไม่ว่าจะมีข้อจำกัดด้านร่างกายหรือไม่,สวัสดิการ,0,0.4232988953590393
KGlNY6Z1v9IK1r2wc172,AkUH6sty9Lv2WuTTXRD9,เพิ่มเงินเยียวยาผู้สูงอายุ และให้มีกลไกอื่น ๆ ร่วมด้วย เช่น การลดหย่อนภาษี,สวัสดิการ,1,0.23536378145217896
QlyL9rV0Ups7Teg50p7C,Ri7THJYVq8VeyDjrJZS8,ต้องพัฒนาระบบคมนาคมให้ครอบคลุม ทั่วถึง และราคาเข้าถึงง่าย,สวัสดิการ,0,0.20479494333267212
UUVQPnkru2xj8tnf9x9r,OiKFo7nNy4gsLARMI6zP,ต้องนำภาษีที่เก็บมาต่อยอดพัฒนาคุณภาพชีวิตของประชาชน และโครงสร้างพื้นฐานที่มีคุณภาพ,สวัสดิการ,6,0.07026004791259766
VAnenwbQKHPSvIjWV7pC,OiKFo7nNy4gsLARMI6zP,ต้องเยียวยาประชาชนกลุ่มที่ยากไร้ให้กลายมาเป็นประชาชนทั่วไป,สวัสดิการ,7,0.19217878580093384
dkrarlbB4ZvLnUMtJqJM,ZeztgNNzU3DbAZNdVQbt,ควรมีระบบที่สนับสนุนให้คนวัยเกษียณได้กลับไปใช้ชีวิตที่บ้านเกิด เช่น มีที่ปรึกษาเรื่องการจัดสรรที่ดิน การทำเกษตร,สวัสดิการ,1,0.3765712380409241
flWe1JTfa9t3O20cxgFZ,ZeztgNNzU3DbAZNdVQbt,กฎหมายลาคลอดควรยืดระยะเวลาออก และยังได้รับเงินเดือนตามปกติ รวมถึงควรเพิ่มวันหยุดพักร้อนตามอายุงาน เพื่อสร้างสมดุลระหว่างงานและชีวิต,สวัสดิการ,5,0.4194064736366272
hfmR2J1HSybT3k2ocQnN,HTmIYhVrz22i3PjxdS0h,อยากให้เรือนจำมี TV เพื่อให้ผู้ต้องขังสามารถเข้าถึงข้อมูลข่าวสาร ความรู้ และความบันเทิง ช่วยลดความเครียดและสร้างการเรียนรู้ระหว่างถูกคุมขัง,สวัสดิการ,3,0.40289705991744995
lSLDCYjnTNpKdhT2HsBE,UHAvt04IhbVK5jY0TwnD,สสร.ควรรับรองคุณภาพชีวิตประชาชน โดยเฉพาะระบบสาธารณูปโภคและระบบขนส่งมวลชน ให้เป็นสิทธิขั้นพื้นฐานที่สำคัญในรัฐธรรมนูญ ,สวัสดิการ,6,0.422917902469635
ri7VMl85rYWRQ5NzpcgE,ZeztgNNzU3DbAZNdVQbt,ประชาชนควรมีสิทธิในการเข้าถึงโรงพยาบาลดี ๆ โรงพยาบาลรัฐและเอกชนควรมีคุณภาพและบริการเทียบเคียงกัน,สวัสดิการ,6,0.5825783312320709
t6hibvHASB7ImBStKhrw,ZeztgNNzU3DbAZNdVQbt,คนหาเช้ากินค่ำควรได้รับการคุ้มครองในการประกอบอาชีพสุจริต ไม่ให้ล้มละลาย มีรัฐมาคอยอุ้มให้ “ล้มบนฟูก”,สวัสดิการ,2,0.2995314598083496
zj1RbSbxQVDaJzzgibvk,OiKFo7nNy4gsLARMI6zP,ต้องมีการพัฒนาขนส่งสาธารณะ ลดการใช้รถส่วนตัว ,สวัสดิการ,0,0.3363937735557556
0vomrDzX8pjCYnoNBiuo,OiKFo7nNy4gsLARMI6zP,ให้มีการให้ความรู้กับประชาชนทั่วไปก่อนการแก้กฎหมายใดๆ อย่างไม่เหลื่อมล้ำ ด้วยวิธีการ เช่น การเสวนา,ฝ่ายนิติบัญญัติ,0,0.48538482189178467
1eNG3cExFvLzW5leCHWP,wIKPzNydyOA8KbRKHE5a,รัฐธรรมนูญต้องจำกัดอำนาจของผู้ใช้อำนาจให้อยู่ในกรอบขอบเขต,ฝ่ายนิติบัญญัติ,0,0.2917332053184509
2StYx1m4eIDCGmr7yEBp,Ri7THJYVq8VeyDjrJZS8,สว.ต้องไม่มีอำนาจเหนือ สส. แต่เป็นที่ปรึกษา ให้ข้อเสนอแนะกับสส.,ฝ่ายนิติบัญญัติ,1,0.5128681659698486
4FVZ0ewHQ4KGRiPBoGm1,FLuzAE5dm4qazOoE4QaF,คนที่ได้รับตำแหน่ง สสร. แล้ว ห้ามมาลงสมัคร สส. สว. หรือตำแหน่งทางการเมืองอีก เพื่อหลีกเลี่ยงผลประโยชน์ทับซ้อน,ฝ่ายนิติบัญญัติ,1,0.469008207321167
HtKMPnTUQEvqMVAZRO7x,zDLn38DfCkx1JTQfW7bl,ต้องมีการออกแบบรัฐธรรมนูญเพื่อลดอำนาจของผู้มีอำนาจเดิม และเปิดโอกาสให้คนส่วนมากของสังคมสามารถกำหนดทิศทางของประเทศได้ตามวิถีทางประชาธิปไตย,ฝ่ายนิติบัญญัติ,0,0.3461671471595764
IpyyNEC1VgVejdgCCHul,qMZEHd0fCMJDj7S186yw,ควรมีสภาประชาชนในพื้นที่ท้องถิ่นที่มีอำนาจในการเสนอนโยบายท้องถิ่นและตรวจสอบการทำงานของรัฐอย่างจริงจัง ไม่ใช่แค่ผ่าน สส./สว. ในส่วนกลาง,ฝ่ายนิติบัญญัติ,0,0.3784429430961609
KxylHYyk2a6LnAUMKuCA,FLuzAE5dm4qazOoE4QaF,สภา หรือ ครม.สามารถมีส่วนร่วมกับ สสร.,ฝ่ายนิติบัญญัติ,0,0.4319303035736084
LXAf0kXAKcDM101rNBdJ,OiKFo7nNy4gsLARMI6zP,ไม่เอา สว. และนายกคนนอก,ฝ่ายนิติบัญญัติ,1,0.6023848354816437
MS7pv54zrhUr3FL3rmJu,wIKPzNydyOA8KbRKHE5a,กฎหมายต้องร่างให้สอดคล้องกับมาตรฐานสากล,ฝ่ายนิติบัญญัติ,0,0.6503467857837677
UleYx7RFuAD5OD6KsFhE,FLuzAE5dm4qazOoE4QaF,สว ศาล ไม่ควรนำผลประโยชน์ของตัวเองเป็นตัวตั้ง (ในการให้ความเห็นเรื่องรัฐธรรมนูญ) ควรมีการพูดคุยที่ไม่ได้เอาผลประโยชน์ของตัวเองเป็นหลัก,ฝ่ายนิติบัญญัติ,1,0.5528247952461243
YN6sWxsWiErswgs9UaoT,wIKPzNydyOA8KbRKHE5a,มองว่ารากฐานที่ดี คือการที่คนเข้าถึงบริการสาธารณะได้ง่าย มีอุตสาหกรรมชุมชนเพื่กระจายรายได้ ส่งเสริมสิทธิชุมชน มีการถ่วงดุลอำนาจที่เข้มแข็ง,ฝ่ายนิติบัญญัติ,0,0.5646466314792633
a2GxJjEheT7kCjuYBJHO,Ri7THJYVq8VeyDjrJZS8,รัฐธรรมนูญต้องกำหนดให้โครงสร้างอำนาจของรัฐเชื่อมโยงกับประชาชน ประชาชนสามารถตรวจสอบ เข้าถึงได้,ฝ่ายนิติบัญญัติ,0,0.3640167713165283
cgl2dkQpzRePcWAo075o,Ri7THJYVq8VeyDjrJZS8,พรรคการเมือง สถาบันทางการเมือง กองทัพและองค์กรต่างๆ ต้องร่วมกันปกป้องรัฐธรรมนูญ,ฝ่ายนิติบัญญัติ,0,0.47930264472961426
xPfTusEykaoThPECEHNx,zDLn38DfCkx1JTQfW7bl,รัฐธรรมนูญจะต้องกำหนดโครงสร้างของสถาบันการเมืองให้มั่นคง ป้องกันคนไม่ดี คนทุจริต ไม่ให้เข้ามามีอำนาจทางการเมือง,ฝ่ายนิติบัญญัติ,0,0.3945583701133728
y02zxIhpl5SrMiqbe6PZ,zDLn38DfCkx1JTQfW7bl,การออกแบบสถาบันการเมือง โดยเฉพาะอย่างยิ่งโดยอาศัยกระบวนการตรวจสอบถ่วงดุลกัน,ฝ่ายนิติบัญญัติ,0,0.44326138496398926
1eNG3cExFvLzW5leCHWP,wIKPzNydyOA8KbRKHE5a,รัฐธรรมนูญต้องจำกัดอำนาจของผู้ใช้อำนาจให้อยู่ในกรอบขอบเขต,ฝ่ายตุลาการ,0,0.2234119176864624
KnLQ88WRrt7g9gfxdAr1,FLuzAE5dm4qazOoE4QaF,สสร. ควรแปลงร่างเป็น ศาลรัฐธรรมนูญ,ฝ่ายตุลาการ,0,0.3108099102973938
KxylHYyk2a6LnAUMKuCA,FLuzAE5dm4qazOoE4QaF,สภา หรือ ครม.สามารถมีส่วนร่วมกับ สสร.,ฝ่ายตุลาการ,0,0.6112566590309143
QzSbZkqmGy3r0CBWLnIB,qMZEHd0fCMJDj7S186yw,ศาลรัฐธรรมนูญ ควรเปิดเผยข้อมูลการตัดสินใจหรือคำวินิจฉัย เหตุผล หลักฐาน หรือความเห็นแย้ง เพื่อให้ประชาชนมีส่วนร่วมตรวจสอบได้,ฝ่ายตุลาการ,1,0.44821619987487793
UleYx7RFuAD5OD6KsFhE,FLuzAE5dm4qazOoE4QaF,สว ศาล ไม่ควรนำผลประโยชน์ของตัวเองเป็นตัวตั้ง (ในการให้ความเห็นเรื่องรัฐธรรมนูญ) ควรมีการพูดคุยที่ไม่ได้เอาผลประโยชน์ของตัวเองเป็นหลัก,ฝ่ายตุลาการ,0,0.340096652507782
YN6sWxsWiErswgs9UaoT,wIKPzNydyOA8KbRKHE5a,มองว่ารากฐานที่ดี คือการที่คนเข้าถึงบริการสาธารณะได้ง่าย มีอุตสาหกรรมชุมชนเพื่กระจายรายได้ ส่งเสริมสิทธิชุมชน มีการถ่วงดุลอำนาจที่เข้มแข็ง,ฝ่ายตุลาการ,1,0.4968247413635254
ZAdCNNsmsUjfqIH0m3Px,7RlnzfjxyxYTH0ajcVQK,กระบวนการยุติธรรมต้องมีมาตรฐานเดียวทั่วประเทศ และเปิดโอกาสให้ผู้ต้องหาเข้าถึงความช่วยเหลือทางกฎหมายตั้งแต่ต้นทาง,ฝ่ายตุลาการ,1,0.33214712142944336
a2GxJjEheT7kCjuYBJHO,Ri7THJYVq8VeyDjrJZS8,รัฐธรรมนูญต้องกำหนดให้โครงสร้างอำนาจของรัฐเชื่อมโยงกับประชาชน ประชาชนสามารถตรวจสอบ เข้าถึงได้,ฝ่ายตุลาการ,1,0.496645987033844
cgl2dkQpzRePcWAo075o,Ri7THJYVq8VeyDjrJZS8,พรรคการเมือง สถาบันทางการเมือง กองทัพและองค์กรต่างๆ ต้องร่วมกันปกป้องรัฐธรรมนูญ,ฝ่ายตุลาการ,0,0.536472737789154
fbVtCjw945zx0RDARWt1,OiKFo7nNy4gsLARMI6zP,ต้องไม่มีการนิรโทษกรรมคนทำรัฐประหาร,ฝ่ายตุลาการ,0,0.6100288033485413
pt9U92QUUcVv2PVdZeCR,qMZEHd0fCMJDj7S186yw,ในปัจจุบัน ศาลรัฐธรรมนูญมีขอบเขตการใช้อำนาจล้นเกิน ก้าวล่วงกลไกรัฐสภา รัฐบาล และตุลาการ และมีอิทธิพลทางการเมืองสูงเกินไป,ฝ่ายตุลาการ,0,0.3564167618751526
qylb4vJtU5AGTjqa3Otw,FLuzAE5dm4qazOoE4QaF,สสร. มีอำนาจในการพิจารณาการขัดต่อรัฐธรรมนูญแทนศาลรัฐธรรมนูญได้,ฝ่ายตุลาการ,0,0.24855464696884155
xPfTusEykaoThPECEHNx,zDLn38DfCkx1JTQfW7bl,รัฐธรรมนูญจะต้องกำหนดโครงสร้างของสถาบันการเมืองให้มั่นคง ป้องกันคนไม่ดี คนทุจริต ไม่ให้เข้ามามีอำนาจทางการเมือง,ฝ่ายตุลาการ,0,0.4278954267501831
y02zxIhpl5SrMiqbe6PZ,zDLn38DfCkx1JTQfW7bl,การออกแบบสถาบันการเมือง โดยเฉพาะอย่างยิ่งโดยอาศัยกระบวนการตรวจสอบถ่วงดุลกัน,ฝ่ายตุลาการ,0,0.5322077870368958
1eNG3cExFvLzW5leCHWP,wIKPzNydyOA8KbRKHE5a,รัฐธรรมนูญต้องจำกัดอำนาจของผู้ใช้อำนาจให้อยู่ในกรอบขอบเขต,ฝ่ายบริหาร,1,0.27991074323654175
4FVZ0ewHQ4KGRiPBoGm1,FLuzAE5dm4qazOoE4QaF,คนที่ได้รับตำแหน่ง สสร. แล้ว ห้ามมาลงสมัคร สส. สว. หรือตำแหน่งทางการเมืองอีก เพื่อหลีกเลี่ยงผลประโยชน์ทับซ้อน,ฝ่ายบริหาร,2,0.5939792096614838
7xGInlChiHbtmWOyxXXd,wIKPzNydyOA8KbRKHE5a,แนวนโยบายพิสดารต่าง ๆ ของรัฐ ที่แม้จะเป็นความฝัน ก็เป็นจริงได้หากรัฐธรรมนูญเอื้อให้ผู้ถืออำนาจรัฐสามารถดำเนินนโยบายได้อย่างอิสระ ,ฝ่ายบริหาร,0,0.6843235492706299
GnCjAaUbc2WzgFdhlV2q,wIKPzNydyOA8KbRKHE5a,รัฐธรรมนูญต้องไม่สร้างอุปสรรคในทางการเมือง ที่ขัดขวางหรือตีกรอบการทำงานของรัฐบาล,ฝ่ายบริหาร,1,0.44560354948043823
IpyyNEC1VgVejdgCCHul,qMZEHd0fCMJDj7S186yw,ควรมีสภาประชาชนในพื้นที่ท้องถิ่นที่มีอำนาจในการเสนอนโยบายท้องถิ่นและตรวจสอบการทำงานของรัฐอย่างจริงจัง ไม่ใช่แค่ผ่าน สส./สว. ในส่วนกลาง,ฝ่ายบริหาร,0,0.579447478055954
LXAf0kXAKcDM101rNBdJ,OiKFo7nNy4gsLARMI6zP,ไม่เอา สว. และนายกคนนอก,ฝ่ายบริหาร,2,0.6005398333072662
YN6sWxsWiErswgs9UaoT,wIKPzNydyOA8KbRKHE5a,มองว่ารากฐานที่ดี คือการที่คนเข้าถึงบริการสาธารณะได้ง่าย มีอุตสาหกรรมชุมชนเพื่กระจายรายได้ ส่งเสริมสิทธิชุมชน มีการถ่วงดุลอำนาจที่เข้มแข็ง,ฝ่ายบริหาร,0,0.6923620700836182
a2GxJjEheT7kCjuYBJHO,Ri7THJYVq8VeyDjrJZS8,รัฐธรรมนูญต้องกำหนดให้โครงสร้างอำนาจของรัฐเชื่อมโยงกับประชาชน ประชาชนสามารถตรวจสอบ เข้าถึงได้,ฝ่ายบริหาร,0,0.6012990176677704
cgl2dkQpzRePcWAo075o,Ri7THJYVq8VeyDjrJZS8,พรรคการเมือง สถาบันทางการเมือง กองทัพและองค์กรต่างๆ ต้องร่วมกันปกป้องรัฐธรรมนูญ,ฝ่ายบริหาร,1,0.6172916293144226
xPfTusEykaoThPECEHNx,zDLn38DfCkx1JTQfW7bl,รัฐธรรมนูญจะต้องกำหนดโครงสร้างของสถาบันการเมืองให้มั่นคง ป้องกันคนไม่ดี คนทุจริต ไม่ให้เข้ามามีอำนาจทางการเมือง,ฝ่ายบริหาร,1,0.4564405679702759
y02zxIhpl5SrMiqbe6PZ,zDLn38DfCkx1JTQfW7bl,การออกแบบสถาบันการเมือง โดยเฉพาะอย่างยิ่งโดยอาศัยกระบวนการตรวจสอบถ่วงดุลกัน,ฝ่ายบริหาร,0,0.38505005836486816
1qjh6KRYbAEPsKG8NUDI,OiKFo7nNy4gsLARMI6zP,ควรมองคนในสังคมเป็นมนุษย์เหมือนกับเรา,สิทธิเสรีภาพ,7,0.3764752745628357
4i14t622N6uaKqAPYfKD,OiKFo7nNy4gsLARMI6zP,ประชาชนต้องได้เข้าถึงกระบวนการยุติธรรมอย่างเท่าเทียมและเสมอภาคกัน,สิทธิเสรีภาพ,2,0.09730374813079834
5OZapmzFqL0dPO5CKdRH,qMZEHd0fCMJDj7S186yw,การเรียกร้องให้กระจายอำนาจเพื่อแก้ปัญหาเฉพาะที่ในท้องถิ่นควรถูกคุ้มครอง ปัจจุบันประชาชนที่ต้องการแก้ปัญหากลับถูกต่อต้านและดำเนินคดีโดยรัฐ,สิทธิเสรีภาพ,8,0.40288329124450684
7nEY2QHVKCI2Ljwoyyno,zDLn38DfCkx1JTQfW7bl,รัฐธรรมนูญจะต้องให้สิทธิเสรีภาพแก่ประชาชนมากขึ้น เพื่อวางรากฐานในการพัฒนาคุณภาพชีวิตและทรัพยากรมนุษย์ที่จะเป็นกำลังสำคัญในการพัฒนาประเทศ,สิทธิเสรีภาพ,1,0.29855990409851074
9InDlkI5HWtLSzJoExBd,ah0Io8qTy2I6RjsTHTeS,ผู้ต้องขังควรได้รับสิทธิในการพบแพทย์มากขึ้น,สิทธิเสรีภาพ,0,0.42912882566452026
AMhL4FYyP54kMEyMU18G,OiKFo7nNy4gsLARMI6zP,เสียงของเด็กและเยาวชนต้องไม่ตกน้ำ,สิทธิเสรีภาพ,5,0.45396918058395386
BT8x8rmFStJjIMvPB10J,HTmIYhVrz22i3PjxdS0h,ผู้พ้นโทษจากเรือนจำทุกคนต้องมีสิทธิที่จะพ้นจากการตีตรา และไม่ถูกกีดกันในการสมัครงานและประกอบอาชีพ,สิทธิเสรีภาพ,0,0.2988402247428894
EEcR0NvCxjwK7PH9cKjT,OiKFo7nNy4gsLARMI6zP,ทุกคนสามารถเป็นตัวคนที่อยากเป็นในเมืองที่เสรี,สิทธิเสรีภาพ,6,0.41380149126052856
GBq5BwwKMbbVQc6Y89rE,"7RlnzfjxyxYTH0ajcVQK,qMZEHd0fCMJDj7S186yw",สิทธิแรงงานและการได้รับค่าจ้างต้องได้รับการคุ้มครอง ไม่ว่าจะอยู่ในอาชีพใดหรือสถานะใด,สิทธิเสรีภาพ,4,0.09426039457321167
GWGd5rdE1uMxAeIT6o9n,"Ri7THJYVq8VeyDjrJZS8,qMZEHd0fCMJDj7S186yw",สิทธิในการเข้าถึงบริการสาธารณสุข ที่ทำได้จริง,สิทธิเสรีภาพ,1,0.2963401675224304
GaxoVIINVkWmZ2zMW0Ai,wIKPzNydyOA8KbRKHE5a,รัฐธรรมนูญคือการนำความเห็นทุกความเห็นมารวมกัน โดยต้องตรวจสอบได้ มีการกระจายอำนาจที่เป็นธรรม ต่อต้านการทุจริต และเพิ่มเสรีภาพในการแสดงออก,สิทธิเสรีภาพ,3,0.45383256673812866
HVq2A7jVeLEtRGQrP1Py,AkUH6sty9Lv2WuTTXRD9,อยากให้มีการสนับสนุนให้สามารถเรียนไปด้วยทำงานไปด้วยได้ เพราะการมีรายได้จำเป็นกับครอบครัว ในขณะเดียวกันก็ไม่อยากออกจากระบบการศึกษา,สิทธิเสรีภาพ,4,0.6033637523651123
IQCwYQpN6dyrQDca9UWs,"OiKFo7nNy4gsLARMI6zP,UHAvt04IhbVK5jY0TwnD",ควรเพิ่มระบุสิทธิด้านสวัสดิการ (การศึกษา พยาบาล อาหาร ฯลฯ) โดยต้องใช้รูปแบบ “รัฐสวัสดิการ” ลงไปในรัฐธรรมนูญ,สิทธิเสรีภาพ,1,0.24013805389404297
JkA5Nu2tkiSGYSkuc9XK,ZeztgNNzU3DbAZNdVQbt,เมืองควรออกแบบบนหลัก Universal Design เพื่อให้ทุกคนสามารถเข้าถึงและใช้ประโยชน์ได้อย่างสะดวก ไม่ว่าจะมีข้อจำกัดด้านร่างกายหรือไม่,สิทธิเสรีภาพ,2,0.676899641752243
KQU7CiheSFOtWiVDVBxL,"wIKPzNydyOA8KbRKHE5a,qMZEHd0fCMJDj7S186yw",ต้องเคารพซึ่งความหลากหลายของชุมชน ให้สิทธิมนุษยชนแก่กลุ่มคนต่าง ๆ,สิทธิเสรีภาพ,7,0.14036422967910767
NgqW0WIpOqn6lgiInybe,7RlnzfjxyxYTH0ajcVQK,รัฐต้องรับรองสิทธิในการมีตัวตนทางกฎหมายที่ปลอดภัย เพื่อไม่ตกเป็นเหยื่อการแอบอ้าง/หลอกใช้ข้อมูล,สิทธิเสรีภาพ,3,0.5912867784500122
S6GtIWAGWDQXstwOMsxM,ZeztgNNzU3DbAZNdVQbt,"ผู้ต้องขังระหว่างพิจารณาคดีควรได้อยู่นอกเรือนจำจนกว่าการตัดสินคดีจะถึงที่สุด
",สิทธิเสรีภาพ,0,0.3580399751663208
SpeTXvGej303KXQ6Obwe,"qMZEHd0fCMJDj7S186yw,UHAvt04IhbVK5jY0TwnD","ประชาชนในทุกพื้นที่ควรมีสิทธิในการกำหนดอนาคตตัวเอง ผ่านการเลือกองค์การปกครองท้องถิ่นและฝ่ายบริหารที่มีอำนาจในการกำหนดนโยบายท้องถิ่น
",สิทธิเสรีภาพ,8,0.46249979734420776
TkX92j12vULJx4imdK55,7RlnzfjxyxYTH0ajcVQK, สิทธิในการศึกษาควรเป็นสิทธิขั้นพื้นฐานที่รัฐต้องจัดให้โดยไม่ผูกกับสถานะเศรษฐกิจหรือบริบทครอบครัว,สิทธิเสรีภาพ,1,0.3458669185638428
U82cTKzPvQ8Jl1jByxpe,ZeztgNNzU3DbAZNdVQbt,LGBTQIA+ ควรได้รับทั้งสิทธิที่เป็นลายลักษณ์อักษร และการยอมรับจากสังคม,สิทธิเสรีภาพ,1,0.48618966341018677
UbT3ZT9TokEuDlA3yap5,7RlnzfjxyxYTH0ajcVQK,รัฐต้องป้องกันการใช้ความรุนแรงในครอบครัวและรับรองสิทธิเด็กในการเติบโตอย่างปลอดภัย,สิทธิเสรีภาพ,5,0.25545966625213623
UhbbPiiKi4iKq52jeoTW,qMZEHd0fCMJDj7S186yw,ประชาชนต้องมีสิทธิในการเข้าถึงและตรวจสอบข้อมูลข่าวสารของภาครัฐ,สิทธิเสรีภาพ,3,0.3688170909881592
VZIeapLeWOyH46gjSCRP,zDLn38DfCkx1JTQfW7bl,รัฐธรรมนูญและกฎหมายต้องทำหน้าที่เป็นเครื่องมือ ในการคุ้มครองการใช้สิทธิและเสรีภาพของประชาชน ไม่เป็นข้อจำกัดที่ทำให้ประชาชนเสียสิทธิ,สิทธิเสรีภาพ,1,0.2269994020462036
XmA3Xs8W1Xov6QoiC9Q1,wIKPzNydyOA8KbRKHE5a,รัฐธรรมนูญเปิดโอกาสให้ทุกคนสามารถทำตามความฝันของตนเองได้โดยไม่ถูกจำกัดกรอบ,สิทธิเสรีภาพ,6,0.42160844802856445
ZAdCNNsmsUjfqIH0m3Px,7RlnzfjxyxYTH0ajcVQK,กระบวนการยุติธรรมต้องมีมาตรฐานเดียวทั่วประเทศ และเปิดโอกาสให้ผู้ต้องหาเข้าถึงความช่วยเหลือทางกฎหมายตั้งแต่ต้นทาง,สิทธิเสรีภาพ,2,0.3562735915184021
cwutSB93TI3xH6IKpBn5,Ri7THJYVq8VeyDjrJZS8,ต้องรับรองการเข้าถึงที่อยู่อาศัย ที่ราคาถูก และเข้าถึงได้อย่างเท่าเทียม,สิทธิเสรีภาพ,2,0.4358617663383484
ee9QQZxV5iESX66emeXE,wIKPzNydyOA8KbRKHE5a,รัฐธรรมนูญคือ “ที่ว่างสำหรับความฝันที่เปิดกว้างและเสรี” กล่าวคือ ทุกคนสามารถมีความฝันเป็นของตัวเอง มีความเสมอภาคเท่าเทียมกัน,สิทธิเสรีภาพ,6,0.3557581901550293
kbZeLnr7CIhviuzpi7Y2,OiKFo7nNy4gsLARMI6zP,ต้องมีพื้นที่ปลอดภัยสำหรับการแสดงความคิดเห็น เพื่อนำไปสู่การเปลี่ยนแปลง คุ้มครองผู้เห็นต่าง วิพากษ์วิจารณ์กันได้,สิทธิเสรีภาพ,3,0.4321255683898926
lSLDCYjnTNpKdhT2HsBE,UHAvt04IhbVK5jY0TwnD,สสร.ควรรับรองคุณภาพชีวิตประชาชน โดยเฉพาะระบบสาธารณูปโภคและระบบขนส่งมวลชน ให้เป็นสิทธิขั้นพื้นฐานที่สำคัญในรัฐธรรมนูญ ,สิทธิเสรีภาพ,1,0.2831342816352844
mvuw0PVc9yFEqDYHLU5P,ZeztgNNzU3DbAZNdVQbt,ควรมีสถาบันที่รองรับนักโทษพ้นผิด เพื่อการประกอบอาชีพหลังออกจากเรือนจำ,สิทธิเสรีภาพ,0,0.42691606283187866
oeotA7s7dRMWvrJarDmJ,"Ri7THJYVq8VeyDjrJZS8,UHAvt04IhbVK5jY0TwnD",ทุกคนได้รับความเคารพในศักดิ์ศรีความเป็นมนุษย์ และความหลากหลายทางวัฒนธรรม ศาสนา เพศ และชาติพันธุ์,สิทธิเสรีภาพ,7,0.11347275972366333
p6hx4DqsisTGAUoT3s91,qMZEHd0fCMJDj7S186yw,การขาดอำนาจในการจัดการทรัพยากร สิทธิชุมชน ปัญหากลุ่มชาติพันธ์ กับที่ดินทำกินที่ขัดแย้งกับรัฐ ทำให้ประชาชนในท้องที่ไม่มีความมั่นคงในชีวิตได้ ,สิทธิเสรีภาพ,8,0.3470287322998047
q0DIQV3yASXwqRZaCiFX,ZeztgNNzU3DbAZNdVQbt,โรงเรียนหรือแม้กระทั่งเรือนจำ ควรกำหนดเวลาในการละหมาดให้สอดคล้องไปกับหลักศาสนา เพราะบางเรือนจำห้ามละหมาด,สิทธิเสรีภาพ,0,0.6033217906951904
qTAylyGMKxWyYImK7Xnp,ah0Io8qTy2I6RjsTHTeS,จากประสบการณ์ส่วนตัวที่ถูกนำตัวไปขังโดยที่ยังไม่มีโอกาสได้ติดต่อญาติ จึงอยากให้มีการรับรองสิทธิในการติดต่อญาติก่อนที่จะเข้าไปในเรือนจำ,สิทธิเสรีภาพ,0,0.3467525243759155
ri7VMl85rYWRQ5NzpcgE,ZeztgNNzU3DbAZNdVQbt,ประชาชนควรมีสิทธิในการเข้าถึงโรงพยาบาลดี ๆ โรงพยาบาลรัฐและเอกชนควรมีคุณภาพและบริการเทียบเคียงกัน,สิทธิเสรีภาพ,1,0.5087263882160187
sk7pT8n6SCZ7w2kYL9nA,qMZEHd0fCMJDj7S186yw,รัฐธรรมนูญควรมีกลไกเพื่อรับรองสิทธิของประชาชนในสุขอนามัยที่ดี อากาศสะอาด สิ่งแวดล้อมที่ดี อาหารปลอดภัย เข้าถึงการรักษาพยาบาลได้,สิทธิเสรีภาพ,1,0.18873244524002075
t6hibvHASB7ImBStKhrw,ZeztgNNzU3DbAZNdVQbt,คนหาเช้ากินค่ำควรได้รับการคุ้มครองในการประกอบอาชีพสุจริต ไม่ให้ล้มละลาย มีรัฐมาคอยอุ้มให้ “ล้มบนฟูก”,สิทธิเสรีภาพ,4,0.29355257749557495
y2QViIPyK0DMuLnnTpmM,wIKPzNydyOA8KbRKHE5a,ต้องมีการสิทธิเลือกตั้งแก่ผู้ต้องขัง,สิทธิเสรีภาพ,0,0.2918277382850647
ygKCH9AyMU1EHeFyQQIV,XtVckzGBhhXrczpk2wBW,สิทธิในการอยู่อาศัยควรเป็นสิ่งที่ทุกคนได้รับโดยไม่ถูกกีดกันเพราะสถานะสุขภาพหรือประวัติการติดเชื้อ,สิทธิเสรีภาพ,2,0.4564995765686035
zvTElyJJO7xqagDkVWdP,HTmIYhVrz22i3PjxdS0h,สิทธิในพื้นที่ทำกินที่ชัดเจน เพื่อให้สามารถประกอบอาชีพได้อย่างมั่นคง,สิทธิเสรีภาพ,4,0.33262133598327637
2rkY2deHi8JWXeTwRzzX,OiKFo7nNy4gsLARMI6zP,ต้องมอบเงินประกันการว่างงาน,แรงงาน,0,0.5675966739654541
GBq5BwwKMbbVQc6Y89rE,"7RlnzfjxyxYTH0ajcVQK,qMZEHd0fCMJDj7S186yw",สิทธิแรงงานและการได้รับค่าจ้างต้องได้รับการคุ้มครอง ไม่ว่าจะอยู่ในอาชีพใดหรือสถานะใด,แรงงาน,0,0.11605888605117798
flWe1JTfa9t3O20cxgFZ,ZeztgNNzU3DbAZNdVQbt,กฎหมายลาคลอดควรยืดระยะเวลาออก และยังได้รับเงินเดือนตามปกติ รวมถึงควรเพิ่มวันหยุดพักร้อนตามอายุงาน เพื่อสร้างสมดุลระหว่างงานและชีวิต,แรงงาน,0,0.5593810975551605
mvuw0PVc9yFEqDYHLU5P,ZeztgNNzU3DbAZNdVQbt,ควรมีสถาบันที่รองรับนักโทษพ้นผิด เพื่อการประกอบอาชีพหลังออกจากเรือนจำ,แรงงาน,1,0.3138672709465027
t6hibvHASB7ImBStKhrw,ZeztgNNzU3DbAZNdVQbt,คนหาเช้ากินค่ำควรได้รับการคุ้มครองในการประกอบอาชีพสุจริต ไม่ให้ล้มละลาย มีรัฐมาคอยอุ้มให้ “ล้มบนฟูก”,แรงงาน,0,0.40612828731536865
4i14t622N6uaKqAPYfKD,OiKFo7nNy4gsLARMI6zP,ประชาชนต้องได้เข้าถึงกระบวนการยุติธรรมอย่างเท่าเทียมและเสมอภาคกัน,ความเสมอภาค,0,0.1050613522529602
5OZapmzFqL0dPO5CKdRH,qMZEHd0fCMJDj7S186yw,การเรียกร้องให้กระจายอำนาจเพื่อแก้ปัญหาเฉพาะที่ในท้องถิ่นควรถูกคุ้มครอง ปัจจุบันประชาชนที่ต้องการแก้ปัญหากลับถูกต่อต้านและดำเนินคดีโดยรัฐ,ความเสมอภาค,1,0.5342700779438019
MaRUCPtMYzkzeTxPvTqc,qMZEHd0fCMJDj7S186yw,การจัดสรรทรัพยากรจากรัฐส่วนกลางยังไม่เป็นธรรม ทำให้พื้นที่ต่างจังหวัดเผชิญความเหลื่อมล้ำทั้งด้านเศรษฐกิจ สาธารณูปโภค โอกาสในการทำงาน,ความเสมอภาค,1,0.32250821590423584
ee9QQZxV5iESX66emeXE,wIKPzNydyOA8KbRKHE5a,รัฐธรรมนูญคือ “ที่ว่างสำหรับความฝันที่เปิดกว้างและเสรี” กล่าวคือ ทุกคนสามารถมีความฝันเป็นของตัวเอง มีความเสมอภาคเท่าเทียมกัน,ความเสมอภาค,0,0.4607924222946167
lSLDCYjnTNpKdhT2HsBE,UHAvt04IhbVK5jY0TwnD,สสร.ควรรับรองคุณภาพชีวิตประชาชน โดยเฉพาะระบบสาธารณูปโภคและระบบขนส่งมวลชน ให้เป็นสิทธิขั้นพื้นฐานที่สำคัญในรัฐธรรมนูญ ,ความเสมอภาค,0,0.4804157018661499
4kDXCQeLCddQptKyOLX0,wIKPzNydyOA8KbRKHE5a,ประชาชนทำหน้าที่ขับเคลื่อนประเทศ โดยมีทหารทำหน้าที่รักษาชายแดน ไม่เข้าแทรกแซงการเมือง,ความมั่นคง,0,0.4680235981941223
7MvMhsMTnlaGMGsDV1vu,Ri7THJYVq8VeyDjrJZS8,กองทัพต้องอยู่ภายใต้รัฐบาล และเป็นกองทัพที่มีประสิทธิภาพ,ความมั่นคง,0,0.32710421085357666
HK63bfvXv3plsVJm1Q7U,zDLn38DfCkx1JTQfW7bl,"รัฐธรรมนูญจะต้องสร้างความมั่นคง ทั้งทางด้านการเมือง เศรษฐกิจ
รวมถึงมีแนวนโยบายที่ชัดเจน พร้อมที่จะพัฒนาประเทศไปข้างหน้า",ความมั่นคง,0,0.441231906414032
cgl2dkQpzRePcWAo075o,Ri7THJYVq8VeyDjrJZS8,พรรคการเมือง สถาบันทางการเมือง กองทัพและองค์กรต่างๆ ต้องร่วมกันปกป้องรัฐธรรมนูญ,ความมั่นคง,0,0.4655054807662964
l4DGdklYsCQJ4YCEwG6N,Ri7THJYVq8VeyDjrJZS8,พรรคการเมือง องค์กรอิสระ กองทัพ ประชาชน เด็ก และเยาวชน ได้มีส่วนร่วมในการสร้างรัฐธรรมนูญร่วมกัน,ความมั่นคง,0,0.5178110599517822
p6hx4DqsisTGAUoT3s91,qMZEHd0fCMJDj7S186yw,การขาดอำนาจในการจัดการทรัพยากร สิทธิชุมชน ปัญหากลุ่มชาติพันธ์ กับที่ดินทำกินที่ขัดแย้งกับรัฐ ทำให้ประชาชนในท้องที่ไม่มีความมั่นคงในชีวิตได้ ,ความมั่นคง,1,0.3212229609489441
xPfTusEykaoThPECEHNx,zDLn38DfCkx1JTQfW7bl,รัฐธรรมนูญจะต้องกำหนดโครงสร้างของสถาบันการเมืองให้มั่นคง ป้องกันคนไม่ดี คนทุจริต ไม่ให้เข้ามามีอำนาจทางการเมือง,ความมั่นคง,0,0.444477915763855
53UEd7GeI48aWUYhrgWZ,"OiKFo7nNy4gsLARMI6zP,qMZEHd0fCMJDj7S186yw",ควรมีการกระจายอำนาจสู่ท้องถิ่น,การปกครองส่วนท้องถิ่น,1,0.14563500881195068
5OZapmzFqL0dPO5CKdRH,qMZEHd0fCMJDj7S186yw,การเรียกร้องให้กระจายอำนาจเพื่อแก้ปัญหาเฉพาะที่ในท้องถิ่นควรถูกคุ้มครอง ปัจจุบันประชาชนที่ต้องการแก้ปัญหากลับถูกต่อต้านและดำเนินคดีโดยรัฐ,การปกครองส่วนท้องถิ่น,2,0.4096453785896301
A9KPJPpegyEGdpR10v44,"qMZEHd0fCMJDj7S186yw,UHAvt04IhbVK5jY0TwnD",สสร. ต้องให้ความสำคัญกับการกระจายอำนาจ,การปกครองส่วนท้องถิ่น,1,0.3155096769332886
IpyyNEC1VgVejdgCCHul,qMZEHd0fCMJDj7S186yw,ควรมีสภาประชาชนในพื้นที่ท้องถิ่นที่มีอำนาจในการเสนอนโยบายท้องถิ่นและตรวจสอบการทำงานของรัฐอย่างจริงจัง ไม่ใช่แค่ผ่าน สส./สว. ในส่วนกลาง,การปกครองส่วนท้องถิ่น,2,0.28247684240341187
MaRUCPtMYzkzeTxPvTqc,qMZEHd0fCMJDj7S186yw,การจัดสรรทรัพยากรจากรัฐส่วนกลางยังไม่เป็นธรรม ทำให้พื้นที่ต่างจังหวัดเผชิญความเหลื่อมล้ำทั้งด้านเศรษฐกิจ สาธารณูปโภค โอกาสในการทำงาน,การปกครองส่วนท้องถิ่น,0,0.31056588888168335
QnMEfvJp90FiAYeNtnXb,Ri7THJYVq8VeyDjrJZS8,รัฐต้องจัดสรรงบประมาณไม่น้อยกว่าร้อยละ 50 ให้กับองค์กรปกครองส่วนท้องถิ่น,การปกครองส่วนท้องถิ่น,2,0.312743604183197
SpeTXvGej303KXQ6Obwe,"qMZEHd0fCMJDj7S186yw,UHAvt04IhbVK5jY0TwnD","ประชาชนในทุกพื้นที่ควรมีสิทธิในการกำหนดอนาคตตัวเอง ผ่านการเลือกองค์การปกครองท้องถิ่นและฝ่ายบริหารที่มีอำนาจในการกำหนดนโยบายท้องถิ่น
",การปกครองส่วนท้องถิ่น,2,0.3857717514038086
YN6sWxsWiErswgs9UaoT,wIKPzNydyOA8KbRKHE5a,มองว่ารากฐานที่ดี คือการที่คนเข้าถึงบริการสาธารณะได้ง่าย มีอุตสาหกรรมชุมชนเพื่กระจายรายได้ ส่งเสริมสิทธิชุมชน มีการถ่วงดุลอำนาจที่เข้มแข็ง,การปกครองส่วนท้องถิ่น,0,0.4029310345649719
goeLmJxJc3EXimoRdndo,qMZEHd0fCMJDj7S186yw,รัฐธรรมนูญขาตเจตจำนงในการรับรองสิทธิชุมชนและกระจายอำนาจ องค์กรท้องที่และประชาชนขาดอำนาจในการบริหาร แก้ไขปัญหาท้องถิ่น  เช่น PM2.5 น้ำท่วม,การปกครองส่วนท้องถิ่น,2,0.43942344188690186
hKLtiqzvq6iMHcSRGLMG,OiKFo7nNy4gsLARMI6zP,ควรแก้ไขโครงสร้างอำนาจ ลดระดับอำนาจของส่วนกลาง,การปกครองส่วนท้องถิ่น,1,0.2485731840133667
5TgBnVRKnyR5blnESFWi,qMZEHd0fCMJDj7S186yw,สสร. ต้องให้ความสำคัญกับบทบาทและสถานะของสถาบันกษัตริย์ในการร่างรัฐธรรมนูญใหม่,พระมหากษัตริย์และองคมนตรี,0,0.3956104516983032
rv1DxRCAh8vLRGYr7kfa,"FLuzAE5dm4qazOoE4QaF,UHAvt04IhbVK5jY0TwnD",หลักการเรื่องความอิสระ ควรการันตีความปลอดภัยในการพูดเรื่องละเอียดอ่อนในวง สสร. เช่น การแก้ไขหมวดสถาบันฯ,พระมหากษัตริย์และองคมนตรี,0,0.42490339279174805
5YG7dKCSMALs9DqbO2ox,OiKFo7nNy4gsLARMI6zP,หน่วยงานที่ตรวจสอบรัฐบาล ต้องโปร่งใส,องค์กรอิสระ,0,0.12396252155303955
EeehiurdkKvmMX6giHMc,qMZEHd0fCMJDj7S186yw,ปัจจุบัน ที่มาและคุณสมบัติขององค์กรอิสระไม่ยึดโยงกับประชาชน ควรมาจากการเลือกตั้ง,องค์กรอิสระ,2,0.4621291160583496
MJnDFwit09hLwa9T869f,FLuzAE5dm4qazOoE4QaF,ไม่ไว้ใจ กกต. และไม่ไว้ใจว่าจะได้แก้ รธน.,องค์กรอิสระ,3,0.43351995944976807
QzSbZkqmGy3r0CBWLnIB,qMZEHd0fCMJDj7S186yw,ศาลรัฐธรรมนูญ ควรเปิดเผยข้อมูลการตัดสินใจหรือคำวินิจฉัย เหตุผล หลักฐาน หรือความเห็นแย้ง เพื่อให้ประชาชนมีส่วนร่วมตรวจสอบได้,องค์กรอิสระ,0,0.5899345874786377
TpHUJtNEaaM24sUedvXx,qMZEHd0fCMJDj7S186yw,"องค์กรอิสระไม่มีกลไกการตรวจสอบถ่วงดุลอำนาจที่เหมาะสม บทบาทหน้าที่และขอบเขตอำนาจไม่ชัดเจน รัฐสภาและประชาชนควรตรวจสอบได้
",องค์กรอิสระ,2,0.3617290258407593
cgl2dkQpzRePcWAo075o,Ri7THJYVq8VeyDjrJZS8,พรรคการเมือง สถาบันทางการเมือง กองทัพและองค์กรต่างๆ ต้องร่วมกันปกป้องรัฐธรรมนูญ,องค์กรอิสระ,1,0.2802460789680481
f8RGpxZJ7dQCu4DY6KRj,FLuzAE5dm4qazOoE4QaF,กกต.ไม่ควรเป็นผู้แทนจัดการเลือกตั้ง สสร.,องค์กรอิสระ,2,0.6741357743740082
l4DGdklYsCQJ4YCEwG6N,Ri7THJYVq8VeyDjrJZS8,พรรคการเมือง องค์กรอิสระ กองทัพ ประชาชน เด็ก และเยาวชน ได้มีส่วนร่วมในการสร้างรัฐธรรมนูญร่วมกัน,องค์กรอิสระ,1,0.30284440517425537
pt9U92QUUcVv2PVdZeCR,qMZEHd0fCMJDj7S186yw,ในปัจจุบัน ศาลรัฐธรรมนูญมีขอบเขตการใช้อำนาจล้นเกิน ก้าวล่วงกลไกรัฐสภา รัฐบาล และตุลาการ และมีอิทธิพลทางการเมืองสูงเกินไป,องค์กรอิสระ,3,0.39773398637771606
xPfTusEykaoThPECEHNx,zDLn38DfCkx1JTQfW7bl,รัฐธรรมนูญจะต้องกำหนดโครงสร้างของสถาบันการเมืองให้มั่นคง ป้องกันคนไม่ดี คนทุจริต ไม่ให้เข้ามามีอำนาจทางการเมือง,องค์กรอิสระ,1,0.46574974060058594
y02zxIhpl5SrMiqbe6PZ,zDLn38DfCkx1JTQfW7bl,การออกแบบสถาบันการเมือง โดยเฉพาะอย่างยิ่งโดยอาศัยกระบวนการตรวจสอบถ่วงดุลกัน,องค์กรอิสระ,0,0.41611814498901367
yb1cf5OLq6RZ7K7TURfh,qMZEHd0fCMJDj7S186yw,ควรจะยุบองค์กรอิสระ แล้วโอนอำนาจหน้าที่เหล่านี้ ไปให้องค์กรที่เกี่ยวข้องโดยตรง,องค์กรอิสระ,2,0.4068271517753601
zTLIoGDZJsgMorVzRhHE,"Ri7THJYVq8VeyDjrJZS8,qMZEHd0fCMJDj7S186yw",องค์กรอิสระตามรัฐธรรมนูญ ต้องมีส่วนร่วมหรือเชื่อมโยงกับประชาชนและภาคประชาสังคม,องค์กรอิสระ,1,0.15497827529907227
7Wc7kBwm6cM0c2MxyCTL,Ri7THJYVq8VeyDjrJZS8,ต้องไม่มีใครถูกทอดทิ้งจากสวัสดิการของรัฐ เช่น การรักษาพยาบาลที่มีประสิทธิภาพ การศึกษาที่ทันสมัย การมีอาชีพที่มั่นคง,การศึกษา,0,0.41844916343688965
9dCsKpEzmEmPYBkmYQOb,wIKPzNydyOA8KbRKHE5a,ควรมีการส่งเสริมความรู้ด้านรัฐธรรมนูญและสิทธิเบื้องต้น เพื่อให้สังคมมีเอกภาพ,การศึกษา,0,0.2762082815170288
DQeO2c4HGwT5KEdiOMbY,ZeztgNNzU3DbAZNdVQbt,เด็กนักเรียนควรได้ปิดเทอมในฤดูฝน เพราะการเดินทางไปโรงเรียนในฤดูฝนทั้งลำบากและอันตราย,การศึกษา,1,0.6083532571792603
HVq2A7jVeLEtRGQrP1Py,AkUH6sty9Lv2WuTTXRD9,อยากให้มีการสนับสนุนให้สามารถเรียนไปด้วยทำงานไปด้วยได้ เพราะการมีรายได้จำเป็นกับครอบครัว ในขณะเดียวกันก็ไม่อยากออกจากระบบการศึกษา,การศึกษา,0,0.43053388595581055
IQCwYQpN6dyrQDca9UWs,"OiKFo7nNy4gsLARMI6zP,UHAvt04IhbVK5jY0TwnD",ควรเพิ่มระบุสิทธิด้านสวัสดิการ (การศึกษา พยาบาล อาหาร ฯลฯ) โดยต้องใช้รูปแบบ “รัฐสวัสดิการ” ลงไปในรัฐธรรมนูญ,การศึกษา,0,0.5535560548305511
TkX92j12vULJx4imdK55,7RlnzfjxyxYTH0ajcVQK, สิทธิในการศึกษาควรเป็นสิทธิขั้นพื้นฐานที่รัฐต้องจัดให้โดยไม่ผูกกับสถานะเศรษฐกิจหรือบริบทครอบครัว,การศึกษา,0,0.31345272064208984
YyfjnhJ84S5XvwMrBu0N,ah0Io8qTy2I6RjsTHTeS,อยากให้มีการให้ความรู้ด้านกฎหมายในเรือนจำ อัพเดทกฎหมายต่าง ๆ อย่างสม่ำเสมอ และอยากให้มีการอบรมโต๊ะคดีอย่างเป็นระบบ,การศึกษา,0,0.5388559401035309
aOI4WyDnNVXUtAzVqZsS,zDLn38DfCkx1JTQfW7bl,ควรพัฒนาคุณภาพของประชากรส่วนใหญ่ในสังคมผ่านการศึกษา ให้มีความรู้ความเข้าใจเกี่ยวกับโครงสร้างการเมืองและประโยชน์ร่วมกันของสังคม,การศึกษา,0,0.24893850088119507
l2BJGEFL0vNtYHherIGp,OiKFo7nNy4gsLARMI6zP,ต้องมอบทุนการศึกษาให้บุตรหลานแรงงานในทุกภาคส่วน,การศึกษา,0,0.4064984917640686
rtD7CMjsceEbv2KhEprz,ah0Io8qTy2I6RjsTHTeS,อยากให้เด็กมีสิทธิในการศึกษาในระดับสูง ไม่อยากให้เป็นเหมือนปัจจุบันที่เรียนจบแล้วต้องติดหนี้ กยศ.,การศึกษา,0,0.4078136086463928
wODKVw70M0C8blVDMpfL,OiKFo7nNy4gsLARMI6zP,ต้องมีการศึกษาที่เท่าเทียม,การศึกษา,0,0.13756346702575684
yaBWRUKJeB6kxCpL8yQM,Ri7THJYVq8VeyDjrJZS8,มีการส่งเสริมและพัฒนาเทคโนโลยีเพื่อปรับใช้ในการปกครอง เศรษฐกิจ สังคม การศึกษา,การศึกษา,0,0.43360263109207153
zYXQjirGqWnfkYRkKvqD,Ri7THJYVq8VeyDjrJZS8,การให้สิทธิเรียนฟรีจนถึงมัธยมศึกษาตอนต้น ที่ทำได้จริง,การศึกษา,0,0.35295766592025757
7Wc7kBwm6cM0c2MxyCTL,Ri7THJYVq8VeyDjrJZS8,ต้องไม่มีใครถูกทอดทิ้งจากสวัสดิการของรัฐ เช่น การรักษาพยาบาลที่มีประสิทธิภาพ การศึกษาที่ทันสมัย การมีอาชีพที่มั่นคง,สาธารณสุข,0,0.3632547855377197
9InDlkI5HWtLSzJoExBd,ah0Io8qTy2I6RjsTHTeS,ผู้ต้องขังควรได้รับสิทธิในการพบแพทย์มากขึ้น,สาธารณสุข,0,0.46998775005340576
GWGd5rdE1uMxAeIT6o9n,"Ri7THJYVq8VeyDjrJZS8,qMZEHd0fCMJDj7S186yw",สิทธิในการเข้าถึงบริการสาธารณสุข ที่ทำได้จริง,สาธารณสุข,0,0.20372313261032104
IQCwYQpN6dyrQDca9UWs,"OiKFo7nNy4gsLARMI6zP,UHAvt04IhbVK5jY0TwnD",ควรเพิ่มระบุสิทธิด้านสวัสดิการ (การศึกษา พยาบาล อาหาร ฯลฯ) โดยต้องใช้รูปแบบ “รัฐสวัสดิการ” ลงไปในรัฐธรรมนูญ,สาธารณสุข,1,0.6707879900932312
goeLmJxJc3EXimoRdndo,qMZEHd0fCMJDj7S186yw,รัฐธรรมนูญขาตเจตจำนงในการรับรองสิทธิชุมชนและกระจายอำนาจ องค์กรท้องที่และประชาชนขาดอำนาจในการบริหาร แก้ไขปัญหาท้องถิ่น  เช่น PM2.5 น้ำท่วม,สาธารณสุข,1,0.5897648632526398
ri7VMl85rYWRQ5NzpcgE,ZeztgNNzU3DbAZNdVQbt,ประชาชนควรมีสิทธิในการเข้าถึงโรงพยาบาลดี ๆ โรงพยาบาลรัฐและเอกชนควรมีคุณภาพและบริการเทียบเคียงกัน,สาธารณสุข,0,0.25517725944519043
sk7pT8n6SCZ7w2kYL9nA,qMZEHd0fCMJDj7S186yw,รัฐธรรมนูญควรมีกลไกเพื่อรับรองสิทธิของประชาชนในสุขอนามัยที่ดี อากาศสะอาด สิ่งแวดล้อมที่ดี อาหารปลอดภัย เข้าถึงการรักษาพยาบาลได้,สาธารณสุข,1,0.276108980178833
8WtlnkWM0PlR19PBZTR8,FLuzAE5dm4qazOoE4QaF,การเลือกตั้ง สสร. แบบแบ่งเขต ควรแบ่งด้วยพื้นที่จังหวัด,การเลือกตั้งและประชามติ,0,0.5566030442714691
9yGh8FKJd0TvcoHGK5AU,UHAvt04IhbVK5jY0TwnD,เยาวชนควรมีสิทธิเลือกตั้งสสร.,การเลือกตั้งและประชามติ,0,0.46756571531295776
AbNTr8HqvnxhAIxe6Iw6,FLuzAE5dm4qazOoE4QaF,การเลือกตั้งควรใช้บัตร 2 ใบ แบ่งเป็น เชิงพื้นที่และความเชี่ยวชาญ และแบ่งเขต 400 เขต,การเลือกตั้งและประชามติ,0,0.5672081112861633
SpeTXvGej303KXQ6Obwe,"qMZEHd0fCMJDj7S186yw,UHAvt04IhbVK5jY0TwnD","ประชาชนในทุกพื้นที่ควรมีสิทธิในการกำหนดอนาคตตัวเอง ผ่านการเลือกองค์การปกครองท้องถิ่นและฝ่ายบริหารที่มีอำนาจในการกำหนดนโยบายท้องถิ่น
",การเลือกตั้งและประชามติ,0,0.5872077941894531
U3yJP2gjVAZV5h2JzNxY,"FLuzAE5dm4qazOoE4QaF,UHAvt04IhbVK5jY0TwnD",การเลือกตั้ง สสร. ควรมีทั้งแบบแบ่งเขตและแบบบัญชีรายชื่อ,การเลือกตั้งและประชามติ,0,0.33785349130630493
VWv2kzIsYMLNk5oxEMFe,FLuzAE5dm4qazOoE4QaF,การเลือกตั้งของสสร. ไม่จำกัดเรื่องความเป็นกลางทางการเมือง เช่น อดีต สส.,การเลือกตั้งและประชามติ,0,0.39901667833328247
WBp41ROA3KlO0ByzXmRS,FLuzAE5dm4qazOoE4QaF,ระบบเลือกตั้ง สสร. ควรเป็นแบบ เลือกกี่คนก็ได้ที่พอใจ (Approval Vote),การเลือกตั้งและประชามติ,0,0.3070456385612488
ZDsDi5uzFybyTHDyg7Sh,FLuzAE5dm4qazOoE4QaF,เปลี่ยนวิธีการเลือกตั้งให้เป็นอิเล็กทรอนิกส์ (E-Vote) เพื่อให้มั่นใจในประสิทธิภาพการนับคะแนน,การเลือกตั้งและประชามติ,0,0.31456685066223145
hFlaIDjyVSQM95hpLX5l,"FLuzAE5dm4qazOoE4QaF,qMZEHd0fCMJDj7S186yw,UHAvt04IhbVK5jY0TwnD",การเลือกตั้ง สสร. ควรกำหนดกลุ่มประเภทความเชี่ยวชาญ (กลุ่มอาชีพ) เพื่อให้สะท้อนความหลากหลายได้,การเลือกตั้งและประชามติ,0,0.5534562766551971
i7nD4nBuvDJmmwAAfNuk,FLuzAE5dm4qazOoE4QaF,สนับสนุนการออกแบบ สสร. เป็นบัญชีรายชื่อ 100%,การเลือกตั้งและประชามติ,1,0.4494693875312805
wnWqZuCRhIESkI8KhmhZ,"FLuzAE5dm4qazOoE4QaF,qMZEHd0fCMJDj7S186yw,UHAvt04IhbVK5jY0TwnD",สสร. จำเป็นต้องมาจากการเลือกตั้งทางตรง 100% เพื่อให้สะท้อนความเป็นตัวแทนและความเป็นประชาธิปไตย,การเลือกตั้งและประชามติ,0,0.3493884801864624
y2QViIPyK0DMuLnnTpmM,wIKPzNydyOA8KbRKHE5a,ต้องมีการสิทธิเลือกตั้งแก่ผู้ต้องขัง,การเลือกตั้งและประชามติ,0,0.5259494185447693
A1zhD0A2zDnFjPYoxHqz,OiKFo7nNy4gsLARMI6zP,ลดปริมาณรถที่ใช้น้ำมันเพื่อลดมลพิษ,สิ่งแวดล้อม,0,0.3670109510421753
NhxEw2QAIrvfKtWj3jWw,OiKFo7nNy4gsLARMI6zP,ทุกคนทิ้งขยะให้ถูกที่ รู้จักแยกขยะ นำขยะมารีไซเคิลได้ และจัดการกำจัดขยะให้เหมาะสมกับแต่ละประเภท,สิ่งแวดล้อม,0,0.3496067523956299
QdwkFxZGRJlXljzJBtz9,OiKFo7nNy4gsLARMI6zP,ผลักดันการใช้และสนับสนุนพลังงานสะอาด,สิ่งแวดล้อม,0,0.1388341188430786
TP5bSx8XiFR5Mhs98UPS,OiKFo7nNy4gsLARMI6zP,ต้องไม่มีการเผาขยะในชุมชนหรือทิ้งลงคลอง,สิ่งแวดล้อม,0,0.4151790738105774
YCi7nXE9o4izX8kl87wS,HTmIYhVrz22i3PjxdS0h,ป้องกันการเผาป่าอย่างเด็ดขาด อยากให้รัฐมีการออกกฎหมายและบังคับใช้กฎหมายจำกัดการเผาป่ากับเกษตรกรที่เผาป่า และลงโทษผู้ที่ทำให้เกิดไฟป่า,สิ่งแวดล้อม,1,0.47426676750183105
f7meBOpH6Fd0juqDlmaX,qMZEHd0fCMJDj7S186yw,เมื่อเกิดผลกระทบทางสิ่งแวดล้อม รัฐธรรมนูญควรคุ้มครองประชาชนทันที ไม่ควรรอให้มีผู้เสียหายหรือผู้ที่ได้รับผลกระทบต้องรับภาระในการพิสูจน์ ,สิ่งแวดล้อม,1,0.3732303977012634
goeLmJxJc3EXimoRdndo,qMZEHd0fCMJDj7S186yw,รัฐธรรมนูญขาตเจตจำนงในการรับรองสิทธิชุมชนและกระจายอำนาจ องค์กรท้องที่และประชาชนขาดอำนาจในการบริหาร แก้ไขปัญหาท้องถิ่น  เช่น PM2.5 น้ำท่วม,สิ่งแวดล้อม,1,0.44384318590164185
khBKlVEnnEalTeRRgKYn,OiKFo7nNy4gsLARMI6zP,อยากให้ประเทศน่าอยู่ ปลอดฝุ่น และปราศจากการเมืองที่ไม่ปลอดภัย,สิ่งแวดล้อม,0,0.5368604958057404
p6hx4DqsisTGAUoT3s91,qMZEHd0fCMJDj7S186yw,การขาดอำนาจในการจัดการทรัพยากร สิทธิชุมชน ปัญหากลุ่มชาติพันธ์ กับที่ดินทำกินที่ขัดแย้งกับรัฐ ทำให้ประชาชนในท้องที่ไม่มีความมั่นคงในชีวิตได้ ,สิ่งแวดล้อม,1,0.48035186529159546
rdSDbspwBRGjnYsdAdCu,OiKFo7nNy4gsLARMI6zP,ควรเก็บภาษีการปล่อย CO2,สิ่งแวดล้อม,0,0.6121661961078644
sk7pT8n6SCZ7w2kYL9nA,qMZEHd0fCMJDj7S186yw,รัฐธรรมนูญควรมีกลไกเพื่อรับรองสิทธิของประชาชนในสุขอนามัยที่ดี อากาศสะอาด สิ่งแวดล้อมที่ดี อาหารปลอดภัย เข้าถึงการรักษาพยาบาลได้,สิ่งแวดล้อม,1,0.35206061601638794
yYjYyd4TeWQsvH5igLmP,Ri7THJYVq8VeyDjrJZS8,รัฐธรรมนูญต้องมุ่งเน้นการแก้ไขปัญหาอย่างยั่งยืน รวมถึงการให้ความสำคัญกับสิ่งแวดล้อม,สิ่งแวดล้อม,1,0.3097154498100281
zUVkGnOy9obhlDMBqPTl,qMZEHd0fCMJDj7S186yw,ในการแก้ปัญหาสิ่งแวดล้อม รัฐควรมีหน้าที่ในการสื่อสารสาธารณะ โดยต้องรับฟังข้อเท็จจริงจากคนในพื้นที่ ลดการตีตรา หาทางออกร่วมกัน,สิ่งแวดล้อม,1,0.49625909328460693
CrOJFiVLJKlxb130FB4r,OiKFo7nNy4gsLARMI6zP,ต้องมีการสนับสนุนภาคการเกษตร,การเกษตร,0,0.3630107045173645
XjCp9loWyVJVNkl15Rhj,OiKFo7nNy4gsLARMI6zP,ต้องมีการพัฒนาทางเทคโนโลยี วิทยาศาสตร์ และการเกษตร เพื่อให้ประเทศมีรายได้,การเกษตร,0,0.13057661056518555
dkrarlbB4ZvLnUMtJqJM,ZeztgNNzU3DbAZNdVQbt,ควรมีระบบที่สนับสนุนให้คนวัยเกษียณได้กลับไปใช้ชีวิตที่บ้านเกิด เช่น มีที่ปรึกษาเรื่องการจัดสรรที่ดิน การทำเกษตร,การเกษตร,1,0.14059853553771973
E8YzlcAsoGf8ysfgHcWa,wIKPzNydyOA8KbRKHE5a,อยากเห็นรัฐธรรมนูญเป็นกติกาที่รวมความคิดเห็นและความฝันทุกคน เพื่อก้าวไปข้างหน้าด้วยกัน,อื่น ๆ,1,0.3086903691291809
G8LaoiZ5UGGP9Da7Fyz5,FLuzAE5dm4qazOoE4QaF,รัฐธรรมนูญต้องต้องแก้ไขง่าย แต่ไม่ถูกฉีกง่าย,อื่น ๆ,0,0.5599393248558044
HFZPo4OzbhEno0bLvM7e,zDLn38DfCkx1JTQfW7bl,รัฐธรรมนูญควรสามารถส่งผ่านไปให้กับผู้อื่นหรือนานาชาติในฐานะตัวแบบที่ประสบความสำเร็จและนำมาสู่การเปลี่ยนแปลงเช่นเดียวกัน,อื่น ๆ,1,0.3478928804397583
HTDgBRXcKY29K1Jdey0W,wIKPzNydyOA8KbRKHE5a,อยากให้มีสภาประชาชน เพื่อรวมความเห็น,อื่น ๆ,1,0.44982582330703735
KT4M6sabcRzo7DQ2UYlK,OiKFo7nNy4gsLARMI6zP,เงินต้องไม่สามารถเปลี่ยนความผิดให้กลายเป็นความถูกต้องได้,อื่น ๆ,0,0.6654081344604492
V8mRVC0MDmkQBgs9erqT,wIKPzNydyOA8KbRKHE5a,รัฐธรรมนูญต้องไม่มีช่องโหว่ โอบรับความหลากหลาย ยืดหยุ่น เข้าถึงง่าย และเปิดรับฟังความเห็นของประชาชนให้มากกว่านี้,อื่น ๆ,1,0.12712466716766357
YZ1rH9CLzpmVQUhWLw5e,AkUH6sty9Lv2WuTTXRD9,อยากให้มีกลไกช่วยยกเลิกบัญชีม้า เช่น มีคนมาช่วยตรวจสอบและดำเนินการยกเลิก เพราะมีคนมากมายที่ถูกหลอกเปิดบัญชี,อื่น ๆ,0,0.8942207023501396
dGxyjzS4YUBBbcbvHOUf,OiKFo7nNy4gsLARMI6zP,ต้องมีกติกาที่ปกป้องประชาธิปไตยจากการกระทำใดๆ ที่ทำลายระบอบประชาธิปไตย เช่น การยึดอำนาจโดยกลุ่มบุคคล,อื่น ๆ,0,0.27149343490600586
rXQLUFdi9w5lq2zlb3jt,Ri7THJYVq8VeyDjrJZS8,รัฐธรรมนูญต้องเปิดโอกาส เปิดพื้นที่ ให้กับเด็ก เยาวชน และประชาชน ในการมีส่วนร่วมที่มากยิ่งขึ้น,อื่น ๆ,1,0.27092498540878296
GaxoVIINVkWmZ2zMW0Ai,wIKPzNydyOA8KbRKHE5a,รัฐธรรมนูญคือการนำความเห็นทุกความเห็นมารวมกัน โดยต้องตรวจสอบได้ มีการกระจายอำนาจที่เป็นธรรม ต่อต้านการทุจริต และเพิ่มเสรีภาพในการแสดงออก,การปราบทุจริต,0,0.49564796686172485
xPfTusEykaoThPECEHNx,zDLn38DfCkx1JTQfW7bl,รัฐธรรมนูญจะต้องกำหนดโครงสร้างของสถาบันการเมืองให้มั่นคง ป้องกันคนไม่ดี คนทุจริต ไม่ให้เข้ามามีอำนาจทางการเมือง,การปราบทุจริต,0,0.44215846061706543
HK63bfvXv3plsVJm1Q7U,zDLn38DfCkx1JTQfW7bl,"รัฐธรรมนูญจะต้องสร้างความมั่นคง ทั้งทางด้านการเมือง เศรษฐกิจ
รวมถึงมีแนวนโยบายที่ชัดเจน พร้อมที่จะพัฒนาประเทศไปข้างหน้า",เศรษฐกิจ,2,0.5742540955543518
NKpuHPFOMLsCgTwgcHX9,OiKFo7nNy4gsLARMI6zP,ต้องลดการผูกขาดของนายทุน,เศรษฐกิจ,1,0.5148776173591614
XjCp9loWyVJVNkl15Rhj,OiKFo7nNy4gsLARMI6zP,ต้องมีการพัฒนาทางเทคโนโลยี วิทยาศาสตร์ และการเกษตร เพื่อให้ประเทศมีรายได้,เศรษฐกิจ,0,0.49810898303985596
yaBWRUKJeB6kxCpL8yQM,Ri7THJYVq8VeyDjrJZS8,มีการส่งเสริมและพัฒนาเทคโนโลยีเพื่อปรับใช้ในการปกครอง เศรษฐกิจ สังคม การศึกษา,เศรษฐกิจ,0,0.48142576217651367
HtKMPnTUQEvqMVAZRO7x,zDLn38DfCkx1JTQfW7bl,ต้องมีการออกแบบรัฐธรรมนูญเพื่อลดอำนาจของผู้มีอำนาจเดิม และเปิดโอกาสให้คนส่วนมากของสังคมสามารถกำหนดทิศทางของประเทศได้ตามวิถีทางประชาธิปไตย,การแก้ รธน.,2,1.0775121077895164
IjZMXmGBxDDaJKh5DyOZ,Ri7THJYVq8VeyDjrJZS8,รัฐธรรมนูญต้องสามารถแก้ไขได้ง่าย ตามกลไกของระบอบประชาธิปไตย เพื่อให้รัฐธรรมนูญมีความสอดคล้องกับสถานการณ์ที่มีการเปลี่ยนแปลงไป,การแก้ รธน.,2,1.133060947060585
M0547X296c35L2pwnvVC,"qMZEHd0fCMJDj7S186yw,UHAvt04IhbVK5jY0TwnD","สสร. ต้อง ""ออกแบบ"" รธน. ไม่ใช่ ""ร่าง"" รธน.",การแก้ รธน.,0,0.46973466873168945
NvzFEfaG6ZVZOzCL6oZi,wIKPzNydyOA8KbRKHE5a, ต้องตัด 'ถ้อยความพิสดาร' ออกจากรัฐธรรมนูญ,การแก้ รธน.,1,0.40030497312545776
QIx0bqPEjthH7vViEhlP,zDLn38DfCkx1JTQfW7bl,ต้องการเห็นรัฐธรรมนูญที่มีการเปิดการมีส่วนร่วมของประชาชนอย่างเต็มที่และเข้าถึงกับความต้องการของผู้คน,การแก้ รธน.,2,1.1017767637968063
hN53GlLx2DAw5uskXgts,zDLn38DfCkx1JTQfW7bl,"ต้องการปรับปรุงตัวรัฐธรรมนูญฉบับเดิมให้มีความที่ทันสมัยมากขึ้น
และมีช่องทางที่แสดงให้เห็นถึงความโปร่งใสในกระบวนการแก้ไขปัญหา",การแก้ รธน.,2,1.1480169594287872
jHdCJCKb650P142dwlCc,zDLn38DfCkx1JTQfW7bl,รัฐธรรมนูญควรลดกำแพง เปิดช่องว่างในการมีส่วนร่วมมากขึ้น แต่ก็คงกำแพงบางส่วนเพื่อกันความสุดโต่งจนเกินไป,การแก้ รธน.,1,0.5277581214904785
qPBOcL9oIepOBSMv2sm9,OiKFo7nNy4gsLARMI6zP,ต้องแก้รัฐธรรมนูญได้ทุกมาตรา,การแก้ รธน.,0,0.3893083333969116
QlyL9rV0Ups7Teg50p7C,Ri7THJYVq8VeyDjrJZS8,ต้องพัฒนาระบบคมนาคมให้ครอบคลุม ทั่วถึง และราคาเข้าถึงง่าย,คมนาคม,0,0.12361538410186768
zj1RbSbxQVDaJzzgibvk,OiKFo7nNy4gsLARMI6zP,ต้องมีการพัฒนาขนส่งสาธารณะ ลดการใช้รถส่วนตัว ,คมนาคม,0,0.2585155963897705
QnMEfvJp90FiAYeNtnXb,Ri7THJYVq8VeyDjrJZS8,รัฐต้องจัดสรรงบประมาณไม่น้อยกว่าร้อยละ 50 ให้กับองค์กรปกครองส่วนท้องถิ่น,งบประมาณ,2,1.1271343231201172
UUVQPnkru2xj8tnf9x9r,OiKFo7nNy4gsLARMI6zP,ต้องนำภาษีที่เก็บมาต่อยอดพัฒนาคุณภาพชีวิตของประชาชน และโครงสร้างพื้นฐานที่มีคุณภาพ,งบประมาณ,0,0.5713099837303162
XjCp9loWyVJVNkl15Rhj,OiKFo7nNy4gsLARMI6zP,ต้องมีการพัฒนาทางเทคโนโลยี วิทยาศาสตร์ และการเกษตร เพื่อให้ประเทศมีรายได้,งบประมาณ,0,0.7881751209497452
rdSDbspwBRGjnYsdAdCu,OiKFo7nNy4gsLARMI6zP,ควรเก็บภาษีการปล่อย CO2,งบประมาณ,1,0.7065799832344055
YN6sWxsWiErswgs9UaoT,wIKPzNydyOA8KbRKHE5a,มองว่ารากฐานที่ดี คือการที่คนเข้าถึงบริการสาธารณะได้ง่าย มีอุตสาหกรรมชุมชนเพื่กระจายรายได้ ส่งเสริมสิทธิชุมชน มีการถ่วงดุลอำนาจที่เข้มแข็ง,ที่ดินและสิทธิชุมชน,0,0.543958455324173
dkrarlbB4ZvLnUMtJqJM,ZeztgNNzU3DbAZNdVQbt,ควรมีระบบที่สนับสนุนให้คนวัยเกษียณได้กลับไปใช้ชีวิตที่บ้านเกิด เช่น มีที่ปรึกษาเรื่องการจัดสรรที่ดิน การทำเกษตร,ที่ดินและสิทธิชุมชน,0,0.4617849588394165
p6hx4DqsisTGAUoT3s91,qMZEHd0fCMJDj7S186yw,การขาดอำนาจในการจัดการทรัพยากร สิทธิชุมชน ปัญหากลุ่มชาติพันธ์ กับที่ดินทำกินที่ขัดแย้งกับรัฐ ทำให้ประชาชนในท้องที่ไม่มีความมั่นคงในชีวิตได้ ,ที่ดินและสิทธิชุมชน,0,0.34333938360214233
zUVkGnOy9obhlDMBqPTl,qMZEHd0fCMJDj7S186yw,ในการแก้ปัญหาสิ่งแวดล้อม รัฐควรมีหน้าที่ในการสื่อสารสาธารณะ โดยต้องรับฟังข้อเท็จจริงจากคนในพื้นที่ ลดการตีตรา หาทางออกร่วมกัน,ที่ดินและสิทธิชุมชน,1,0.35469287633895874
zvTElyJJO7xqagDkVWdP,HTmIYhVrz22i3PjxdS0h,สิทธิในพื้นที่ทำกินที่ชัดเจน เพื่อให้สามารถประกอบอาชีพได้อย่างมั่นคง,ที่ดินและสิทธิชุมชน,0,0.3203023076057434
